ciudad,codigo,depto_codigo,mun_codigo
MEDELLÍN,05001,05,001
ABEJORRAL,05002,05,002
ABRIAQUÍ,05004,05,004
ALEJANDRÍA,05021,05,021
AMAGÁ,05030,05,030
AMALFI,05031,05,031
ANDES,05034,05,034
ANGELÓPOLIS,05036,05,036
ANGOSTURA,05038,05,038
ANORÍ,05040,05,040
SANTAFÉ DE ANTIOQUIA,05042,05,042
ANZA,05044,05,044
APARTADÓ,05045,05,045
ARBOLETES,05051,05,051
ARGELIA,05055,05,055
ARMENIA,05059,05,059
BARBOSA,05079,05,079
BELMIRA,05086,05,086
BELLO,05088,05,088
BETANIA,05091,05,091
BETULIA,05093,05,093
CIUDAD BOLÍVAR,05101,05,101
BRICEÑO,05107,05,107
BURITICÁ,05113,05,113
CÁCERES,05120,05,120
CAICEDO,05125,05,125
CALDAS,05129,05,129
CAMPAMENTO,05134,05,134
CAÑASGORDAS,05138,05,138
CARACOLÍ,05142,05,142
CARAMANTA,05145,05,145
CAREPA,05147,05,147
EL CARMEN DE VIBORAL,05148,05,148
CAROLINA,05150,05,150
CAUCASIA Códigos,05154,05,154
CHIGORODÓ Municipios,05172,05,172
CISNEROS,05190,05,190
COCORNÁ,05197,05,197
CONCEPCIÓN,05206,05,206
COPACABANA,05212,05,212
DABEIBA,05234,05,234
DON MATÍAS,05237,05,237
EBÉJICO,05240,05,240
EL BAGRE,05250,05,250
ENTRERRIOS,05264,05,264
ENVIGADO,05266,05,266
FREDONIA,05282,05,282
FRONTINO,05284,05,284
GIRALDO,05306,05,306
GIRARDOTA,05308,05,308
GÓMEZ PLATA,05310,05,310
GRANADA,05313,05,313
GUADALUPE,05315,05,315
GUARNE,05318,05,318
GUATAPE,05321,05,321
HELICONIA,05347,05,347
HISPANIA,05353,05,353
ITAGUI,05360,05,360
ITUANGO,05361,05,361
JARDÍN,05364,05,364
JERICÓ,05368,05,368
LA CEJA,05376,05,376
LA ESTRELLA,05380,05,380
LA PINTADA,05390,05,390
LA UNIÓN,05400,05,400
LIBORINA,05411,05,411
MACEO,05425,05,425
MARINILLA,05440,05,440
MONTEBELLO,05467,05,467
MURINDÓ,05475,05,475
MUTATÁ,05480,05,480
NARIÑO,05483,05,483
NECOCLÍ,05490,05,490
NECHÍ,05495,05,495
OLAYA,05501,05,501
PEÑOL,05541,05,541
PEQUE,05543,05,543
PUEBLORRICO,05576,05,576
PUERTO BERRÍO,05579,05,579
PUERTO NARE,05585,05,585
PUERTO TRIUNFO,05591,05,591
REMEDIOS,05604,05,604
RETIRO,05607,05,607
RIONEGRO,05615,05,615
SABANALARGA,05628,05,628
SABANETA,05631,05,631
SALGAR,05642,05,642
SAN ANDRÉS DE CUERQUÍA,05647,05,647
SAN CARLOS,05649,05,649
SAN FRANCISCO,05652,05,652
SAN JERÓNIMO,05656,05,656
SAN JOSÉ DE LA MONTAÑA,05658,05,658
SAN JUAN DE URABÁ,05659,05,659
SAN LUIS,05660,05,660
SAN PEDRO,05664,05,664
SAN PEDRO DE URABA,05665,05,665
SAN RAFAEL,05667,05,667
SAN ROQUE,05670,05,670
SAN VICENTE,05674,05,674
SANTA BÁRBARA,05679,05,679
SANTA ROSA DE OSOS,05686,05,686
SANTO DOMINGO,05690,05,690
EL SANTUARIO,05697,05,697
SEGOVIA,05736,05,736
SONSON,05756,05,756
SOPETRÁN,05761,05,761
TÁMESIS,05789,05,789
TARAZÁ,05790,05,790
TARSO,05792,05,792
TITIRIBÍ,05809,05,809
TOLEDO,05819,05,819
TURBO,05837,05,837
URAMITA,05842,05,842
URRAO Códigos,05847,05,847
VALDIVIA Municipios,05854,05,854
VALPARAÍSO,05856,05,856
VEGACHÍ,05858,05,858
VENECIA,05861,05,861
YALÍ,05885,05,885
YARUMAL,05887,05,887
YOLOMBÓ,05890,05,890
YONDÓ,05893,05,893
ZARAGOZA,05895,05,895
BARRANQUILLA,08001,08,001
BARANOA,08078,08,078
CAMPO DE LA CRUZ,08137,08,137
CANDELARIA,08141,08,141
GALAPA,08296,08,296
JUAN DE ACOSTA,08372,08,372
LURUACO,08421,08,421
MALAMBO,08433,08,433
MANATÍ,08436,08,436
PALMAR DE VARELA,08520,08,520
PIOJÓ,08549,08,549
POLONUEVO,08558,08,558
PONEDERA,08560,08,560
PUERTO COLOMBIA,08573,08,573
REPELÓN,08606,08,606
SABANAGRANDE,08634,08,634
SABANALARGA,08638,08,638
SANTA LUCÍA,08675,08,675
SANTO TOMÁS,08685,08,685
SOLEDAD,08758,08,758
SUAN,08770,08,770
TUBARÁ,08832,08,832
USIACURÍ,08849,08,849
"BOGOTÁ, D.C.",11001,11,001
CARTAGENA,13001,13,001
ACHÍ,13006,13,006
ALTOS DEL ROSARIO,13030,13,030
ARENAL,13042,13,042
ARJONA,13052,13,052
ARROYOHONDO,13062,13,062
BARRANCO DE LOBA,13074,13,074
CALAMAR,13140,13,140
CANTAGALLO,13160,13,160
CICUCO,13188,13,188
CÓRDOBA,13212,13,212
CLEMENCIA,13222,13,222
EL CARMEN DE BOLÍVAR,13244,13,244
EL GUAMO,13248,13,248
EL PEÑÓN,13268,13,268
HATILLO DE LOBA,13300,13,300
MAGANGUÉ,13430,13,430
MAHATES,13433,13,433
MARGARITA,13440,13,440
MARÍA LA BAJA,13442,13,442
MONTECRISTO,13458,13,458
MOMPÓS,13468,13,468
MORALES,13473,13,473
PINILLOS,13549,13,549
REGIDOR,13580,13,580
RÍO VIEJO,13600,13,600
SAN CRISTÓBAL,13620,13,620
SAN ESTANISLAO,13647,13,647
SAN FERNANDO,13650,13,650
SAN JACINTO,13654,13,654
SAN JACINTO DEL CAUCA,13655,13,655
SAN JUAN NEPOMUCENO,13657,13,657
SAN MARTÍN DE LOBA,13667,13,667
SAN PABLO,13670,13,670
SANTA CATALINA,13673,13,673
SANTA ROSA,13683,13,683
SANTA ROSA DEL SUR,13688,13,688
SIMITÍ,13744,13,744
SOPLAVIENTO,13760,13,760
TALAIGUA NUEVO,13780,13,780
TIQUISIO,13810,13,810
TURBACO,13836,13,836
TURBANÁ,13838,13,838
VILLANUEVA,13873,13,873
ZAMBRANO,13894,13,894
TUNJA Códigos,15001,15,001
ALMEIDA,15022,15,022
AQUITANIA,15047,15,047
ARCABUCO,15051,15,051
BELÉN,15087,15,087
BETÉITIVA,15092,15,092
BOAVITA,15097,15,097
BOYACÁ,15104,15,104
BRICEÑO,15106,15,106
BUENAVISTA,15109,15,109
BUSBANZÁ,15114,15,114
CALDAS,15131,15,131
CAMPOHERMOSO,15135,15,135
CERINZA,15162,15,162
CHINAVITA,15172,15,172
CHIQUINQUIRÁ,15176,15,176
CHISCAS,15180,15,180
CHITA,15183,15,183
CHITARAQUE,15185,15,185
CHIVATÁ,15187,15,187
CIÉNEGA,15189,15,189
CÓMBITA,15204,15,204
COPER,15212,15,212
CORRALES,15215,15,215
COVARACHÍA,15218,15,218
CUBARÁ,15223,15,223
CUCAITA,15224,15,224
CUÍTIVA,15226,15,226
CHÍQUIZA,15232,15,232
CHIVOR,15236,15,236
DUITAMA,15238,15,238
EL COCUY,15244,15,244
EL6aSPINO,15248,15,248
FIRAVITOBA,15272,15,272
FLORESTA,15276,15,276
GACHANTIVÁ,15293,15,293
GAMEZA,15296,15,296
GARAGOA,15299,15,299
GUACAMAYAS,15317,15,317
GUATEQUE,15322,15,322
GUAYATÁ,15325,15,325
GÜICÁN,15332,15,332
IZA,15362,15,362
JENESANO,15367,15,367
JERICÓ,15368,15,368
LABRANZAGRANDE,15377,15,377
LA CAPILLA,15380,15,380
LA VICTORIA,15401,15,401
LA UVITA,15403,15,403
VILLA DE LEYVA,15407,15,407
MACANAL,15425,15,425
MARIPÍ,15442,15,442
MIRAFLORES,15455,15,455
MONGUA,15464,15,464
MONGUÍ,15466,15,466
MONIQUIRÁ,15469,15,469
MOTAVITA,15476,15,476
MUZO,15480,15,480
NOBSA,15491,15,491
NUEVO COLÓN,15494,15,494
OICATÁ,15500,15,500
OTANCHE,15507,15,507
PACHAVITA,15511,15,511
PÁEZ,15514,15,514
PAIPA,15516,15,516
PAJARITO,15518,15,518
PANQUEBA,15522,15,522
PAUNA,15531,15,531
PAYA,15533,15,533
PAZ DE RÍO,15537,15,537
PESCA,15542,15,542
PISBA,15550,15,550
PUERTO BOYACÁ,15572,15,572
QUÍPAMA,15580,15,580
RAMIRIQUÍ,15599,15,599
RÁQUIRA,15600,15,600
RONDÓN,15621,15,621
SABOYÁ,15632,15,632
SÁCHICA,15638,15,638
SAMACÁ,15646,15,646
SAN EDUARDO,15660,15,660
SAN JOSÉ DE PARE,15664,15,664
SAN LUIS DE GACENO,15667,15,667
SAN MATEO,15673,15,673
SAN PABLO DE BORBUR,15681,15,681
SANTANA,15686,15,686
SANTA MARÍA,15690,15,690
SANTA ROSA DE VITERBO,15693,15,693
SANTA SOFÍA,15696,15,696
SATIVANORTE,15720,15,720
SATIVASUR,15723,15,723
SIACHOQUE,15740,15,740
SOATÁ,15753,15,753
SOCOTÁ,15755,15,755
SOCHA,15757,15,757
SOGAMOSO,15759,15,759
SOMONDOCO,15761,15,761
SORA,15762,15,762
SOTAQUIRÁ,15763,15,763
SORACÁ,15764,15,764
SUSACÓN,15774,15,774
SUTAMARCHÁN,15776,15,776
SUTATENZA,15778,15,778
TASCO,15790,15,790
TENZA,15798,15,798
TIBANÁ,15804,15,804
TIBASOSA,15806,15,806
TINJACÁ,15808,15,808
TIPACOQUE,15810,15,810
TOCA,15814,15,814
TOGÜÍ,15816,15,816
TÓPAGA,15820,15,820
TOTA,15822,15,822
TUNUNGUÁ,15832,15,832
TURMEQUÉ,15835,15,835
TUTA,15837,15,837
TUTAZÁ,15839,15,839
UMBITA,15842,15,842
VENTAQUEMADA,15861,15,861
VIRACACHÁ,15879,15,879
ZETAQUIRA,15897,15,897
MANIZALES,17001,17,001
AGUADAS,17013,17,013
ANSERMA,17042,17,042
ARANZAZU,17050,17,050
BELALCÁZAR,17088,17,088
CHINCHINÁ,17174,17,174
FILADELFIA,17272,17,272
LA DORADA,17380,17,380
LA MERCED,17388,17,388
MANZANARES,17433,17,433
MARMATO,17442,17,442
MARQUETALIA,17444,17,444
MARULANDA,17446,17,446
NEIRA,17486,17,486
NORCASIA,17495,17,495
PÁCORA,17513,17,513
PALESTINA,17524,17,524
PENSILVANIA,17541,17,541
RIOSUCIO,17614,17,614
RISARALDA,17616,17,616
SALAMINA,17653,17,653
SAMANÁ,17662,17,662
SAN JOSÉ,17665,17,665
SUPÍA,17777,17,777
VICTORIA,17867,17,867
VILLAMARÍA,17873,17,873
VITERBO,17877,17,877
FLORENCIA,18001,18,001
ALBANIA,18029,18,029
BELÉN DE LOS ANDAQUIES,18094,18,094
CARTAGENA DEL CHAIRÁ,18150,18,150
CURILLO,18205,18,205
EL DONCELLO,18247,18,247
EL PAUJIL,18256,18,256
LA MONTAÑITA,18410,18,410
MILÁN,18460,18,460
MORELIA,18479,18,479
PUERTO RICO Códigos,18592,18,592
SAN JOSÉ DEL FRAGUA,18610,18,610
SAN VICENTE DEL CAGUÁN,18753,18,753
SOLANO,18756,18,756
SOLITA,18785,18,785
POPAYÁN,19001,19,001
ALMAGUER,19022,19,022
ARGELIA,19050,19,050
BALBOA,19075,19,075
BOLÍVAR,19100,19,100
BUENOS AIRES,19110,19,110
CAJIBÍO,19130,19,130
CALDONO,19137,19,137
CALOTO,19142,19,142
CORINTO,19212,19,212
EL TAMBO,19256,19,256
FLORENCIA,19290,19,290
GUACHENÉ,19300,19,300
GUAPI,19318,19,318
INZÁ,19355,19,355
JAMBALÓ,19364,19,364
LA SIERRA,19392,19,392
LA VEGA,19397,19,397
LÓPEZ,19418,19,418
MERCADERES,19450,19,450
MIRANDA,19455,19,455
MORALES,19473,19,473
PADILLA,19513,19,513
PAEZ,19517,19,517
PATÍA,19532,19,532
PIAMONTE,19533,19,533
PIENDAMÓ,19548,19,548
PUERTO TEJADA,19573,19,573
PURACÉ,19585,19,585
ROSAS,19622,19,622
SAN SEBASTIÁN,19693,19,693
SANTANDER DE QUILICHAO,19698,19,698
SANTA ROSA,19701,19,701
SILVIA,19743,19,743
SOTARA,19760,19,760
SUÁREZ,19780,19,780
SUCRE,19785,19,785
TIMBÍO,19807,19,807
TIMBIQUÍ,19809,19,809
TORIBIO,19821,19,821
TOTORÓ,19824,19,824
VILLA RICA,19845,19,845
VALLEDUPAR,20001,20,001
AGUACHICA,20011,20,011
AGUSTÍN CODAZZI,20013,20,013
ASTREA,20032,20,032
BECERRIL,20045,20,045
BOSCONIA,20060,20,060
CHIMICHAGUA,20175,20,175
CHIRIGUANÁ,20178,20,178
CURUMANÍ,20228,20,228
EL COPEY,20238,20,238
EL PASO,20250,20,250
GAMARRA,20295,20,295
GONZÁLEZ,20310,20,310
LA GLORIA,20383,20,383
LA JAGUA DE IBIRICO,20400,20,400
MANAURE,20443,20,443
PAILITAS,20517,20,517
PELAYA,20550,20,550
PUEBLO BELLO,20570,20,570
RÍO DE ORO,20614,20,614
LA PAZ,20621,20,621
SAN ALBERTO,20710,20,710
SAN DIEGO,20750,20,750
SAN MARTÍN,20770,20,770
TAMALAMEQUE,20787,20,787
MONTERÍA,23001,23,001
AYAPEL,23068,23,068
BUENAVISTA,23079,23,079
CANALETE,23090,23,090
CERETÉ,23162,23,162
CHIMÁ,23168,23,168
CHINÚ,23182,23,182
CIÉNAGA DE ORO Códigos,23189,23,189
COTORRA,23300,23,300
LA APARTADA,23350,23,350
LORICA,23417,23,417
LOS CÓRDOBAS,23419,23,419
MOÑITOS,23500,23,500
PLANETA RICA,23555,23,555
PUEBLO NUEVO,23570,23,570
PUERTO ESCONDIDO,23574,23,574
PUERTO LIBERTADOR,23580,23,580
PURÍSIMA,23586,23,586
SAHAGÚN,23660,23,660
SAN ANDRÉS SOTAVENTO,23670,23,670
SAN ANTERO,23672,23,672
SAN BERNARDO DEL VIENTO,23675,23,675
SAN CARLOS,23678,23,678
SAN PELAYO,23686,23,686
TIERRALTA,23807,23,807
VALENCIA,23855,23,855
AGUA DE DIOS,25001,25,001
ALBÁN,25019,25,019
ANAPOIMA,25035,25,035
ANOLAIMA,25040,25,040
ARBELÁEZ,25053,25,053
BELTRÁN,25086,25,086
BITUIMA,25095,25,095
BOJACÁ,25099,25,099
CABRERA,25120,25,120
CACHIPAY,25123,25,123
CAJICÁ,25126,25,126
CAPARRAPÍ,25148,25,148
CAQUEZA,25151,25,151
CARMEN DE CARUPA,25154,25,154
CHAGUANÍ,25168,25,168
CHÍA,25175,25,175
CHIPAQUE,25178,25,178
CHOACHÍ,25181,25,181
CHOCONTÁ,25183,25,183
COGUA,25200,25,200
COTA,25214,25,214
CUCUNUBÁ,25224,25,224
EL COLEGIO,25245,25,245
EL PEÑÓN,25258,25,258
EL ROSAL,25260,25,260
FACATATIVÁ,25269,25,269
FOMEQUE,25279,25,279
FOSCA,25281,25,281
FUNZA,25286,25,286
FÚQUENE,25288,25,288
FUSAGASUGÁ,25290,25,290
GACHALA,25293,25,293
GACHANCIPÁ,25295,25,295
GACHETÁ,25297,25,297
GAMA,25299,25,299
GIRARDOT,25307,25,307
GRANADA,25312,25,312
GUACHETÁ,25317,25,317
GUADUAS,25320,25,320
GUASCA,25322,25,322
GUATAQUÍ,25324,25,324
GUATAVITA,25326,25,326
GUAYABAL DE SIQUIMA,25328,25,328
GUAYABETAL,25335,25,335
GUTIÉRREZ,25339,25,339
JERUSALÉN,25368,25,368
JUNÍN,25372,25,372
LA CALERA,25377,25,377
LA MESA,25386,25,386
LA PALMA,25394,25,394
LA PEÑA,25398,25,398
LA VEGA,25402,25,402
LENGUAZAQUE,25407,25,407
MACHETA,25426,25,426
MADRID,25430,25,430
MANTA,25436,25,436
MEDINA,25438,25,438
MOSQUERA,25473,25,473
NARIÑO,25483,25,483
NEMOCÓN Códigos,25486,25,486
NILO,25488,25,488
NIMAIMA,25489,25,489
NOCAIMA,25491,25,491
VENECIA,25506,25,506
PAIME,25518,25,518
PANDI,25524,25,524
PARATEBUENO,25530,25,530
PASCA,25535,25,535
PUERTO SALGAR,25572,25,572
PULÍ,25580,25,580
QUEBRADANEGRA,25592,25,592
QUETAME,25594,25,594
QUIPILE,25596,25,596
APULO,25599,25,599
RICAURTE,25612,25,612
SAN ANTONIO DEL TEQUENDAMA,25645,25,645
SAN BERNARDO,25649,25,649
SAN CAYETANO,25653,25,653
SAN FRANCISCO,25658,25,658
SAN JUAN DE RÍO SECO,25662,25,662
SASAIMA,25718,25,718
SESQUILÉ,25736,25,736
SIBATÉ,25740,25,740
SILVANIA,25743,25,743
SIMIJACA,25745,25,745
SOACHA,25754,25,754
SOPÓ,25758,25,758
SUBACHOQUE,25769,25,769
SUESCA,25772,25,772
SUPATÁ,25777,25,777
SUSA,25779,25,779
SUTATAUSA,25781,25,781
TABIO,25785,25,785
TAUSA,25793,25,793
TENA,25797,25,797
TENJO,25799,25,799
TIBACUY,25805,25,805
TIBIRITA,25807,25,807
TOCAIMA,25815,25,815
TOCANCIPÁ,25817,25,817
TOPAIPÍ,25823,25,823
UBALÁ,25839,25,839
UBAQUE,25841,25,841
VILLA DE SAN DIEGO DE UBATE,25843,25,843
UNE,25845,25,845
ÚTICA,25851,25,851
VERGARA,25862,25,862
VIANÍ,25867,25,867
VILLAGÓMEZ,25871,25,871
VILLAPINZÓN,25873,25,873
VILLETA,25875,25,875
VIOTÁ,25878,25,878
YACOPÍ,25885,25,885
ZIPACÓN,25898,25,898
ZIPAQUIRÁ,25899,25,899
QUIBDÓ,27001,27,001
ACANDÍ,27006,27,006
ALTO BAUDO,27025,27,025
ATRATO,27050,27,050
BAGADÓ,27073,27,073
BAHÍA SOLANO,27075,27,075
BAJO BAUDÓ,27077,27,077
BELÉN DE BAJIRÁ,27086,27,086
BOJAYA,27099,27,099
EL CANTÓN DEL SAN PABLO,27135,27,135
CARMEN DEL DARIEN,27150,27,150
CÉRTEGUI,27160,27,160
CONDOTO,27205,27,205
EL CARMEN DE ATRATO,27245,27,245
EL LITORAL DEL SAN JUAN,27250,27,250
ISTMINA,27361,27,361
JURADÓ,27372,27,372
LLORÓ,27413,27,413
MEDIO ATRATO,27425,27,425
MEDIO BAUDÓ,27430,27,430
MEDIO SAN JUAN,27450,27,450
NÓVITA,27491,27,491
NUQUÍ,27495,27,495
RÍO IRO Códigos,27580,27,580
RÍO QUITO Municipios,27600,27,600
RIOSUCIO,27615,27,615
SAN JOSÉ DEL PALMAR,27660,27,660
SIPÍ,27745,27,745
UNGUÍA,27800,27,800
UNIÓN PANAMERICANA,27810,27,810
NEIVA,41001,41,001
ACEVEDO,41006,41,006
AGRADO,41013,41,013
AIPE,41016,41,016
ALGECIRAS,41020,41,020
ALTAMIRA,41026,41,026
BARAYA,41078,41,078
CAMPOALEGRE,41132,41,132
COLOMBIA,41206,41,206
ELÍAS,41244,41,244
GARZÓN,41298,41,298
GIGANTE,41306,41,306
GUADALUPE,41319,41,319
HOBO,41349,41,349
IQUIRA,41357,41,357
ISNOS,41359,41,359
LA ARGENTINA,41378,41,378
LA PLATA,41396,41,396
NÁTAGA,41483,41,483
OPORAPA,41503,41,503
PAICOL,41518,41,518
PALERMO,41524,41,524
PALESTINA,41530,41,530
PITAL,41548,41,548
PITALITO,41551,41,551
RIVERA,41615,41,615
SALADOBLANCO,41660,41,660
SAN AGUSTÍN,41668,41,668
SANTA MARÍA,41676,41,676
SUAZA,41770,41,770
TARQUI,41791,41,791
TESALIA,41797,41,797
TELLO,41799,41,799
TERUEL,41801,41,801
TIMANÁ,41807,41,807
VILLAVIEJA,41872,41,872
YAGUARÁ,41885,41,885
RIOHACHA,44001,44,001
ALBANIA,44035,44,035
BARRANCAS,44078,44,078
DIBULLA,44090,44,090
DISTRACCIÓN,44098,44,098
EL MOLINO,44110,44,110
FONSECA,44279,44,279
HATONUEVO,44378,44,378
LA JAGUA DEL PILAR,44420,44,420
MAICAO,44430,44,430
MANAURE,44560,44,560
SAN JUAN DEL CESAR,44650,44,650
URIBIA,44847,44,847
URUMITA,44855,44,855
VILLANUEVA,44874,44,874
SANTA MARTA,47001,47,001
ALGARROBO,47030,47,030
ARACATACA,47053,47,053
ARIGUANÍ,47058,47,058
CERRO SAN ANTONIO,47161,47,161
CHIBOLO,47170,47,170
CIÉNAGA,47189,47,189
CONCORDIA,47205,47,205
EL BANCO,47245,47,245
EL PIÑON,47258,47,258
EL RETÉN,47268,47,268
FUNDACIÓN,47288,47,288
GUAMAL,47318,47,318
NUEVA GRANADA,47460,47,460
PEDRAZA,47541,47,541
PIJIÑO DEL CARMEN,47545,47,545
PIVIJAY,47551,47,551
PLATO,47555,47,555
PUEBLOVIEJO,47570,47,570
REMOLINO,47605,47,605
SABANAS DE SAN ANGEL Códigos,47660,47,660
SALAMINA,47675,47,675
SAN SEBASTIÁN DE BUENAVISTA,47692,47,692
SAN ZENÓN,47703,47,703
SANTA ANA,47707,47,707
SITIONUEVO,47745,47,745
TENERIFE,47798,47,798
ZAPAYÁN,47960,47,960
ZONA BANANERA,47980,47,980
VILLAVICENCIO,50001,50,001
ACACÍAS,50006,50,006
BARRANCA DE UPÍA,50110,50,110
CABUYARO,50124,50,124
CASTILLA LA NUEVA,50150,50,150
CUBARRAL,50223,50,223
CUMARAL,50226,50,226
EL CALVARIO,50245,50,245
EL CASTILLO,50251,50,251
EL DORADO,50270,50,270
FUENTE DE ORO,50287,50,287
GRANADA,50313,50,313
GUAMAL,50318,50,318
MAPIRIPÁN,50325,50,325
MESETAS,50330,50,330
LA MACARENA,50350,50,350
URIBE,50370,50,370
LEJANÍAS,50400,50,400
PUERTO CONCORDIA,50450,50,450
PUERTO GAITÁN,50568,50,568
PUERTO LÓPEZ,50573,50,573
PUERTO LLERAS,50577,50,577
PUERTO RICO,50590,50,590
RESTREPO,50606,50,606
SAN CARLOS DE GUAROA,50680,50,680
SAN JUAN DE ARAMA,50683,50,683
SAN JUANITO,50686,50,686
SAN MARTÍN,50689,50,689
VISTAHERMOSA,50711,50,711
PASTO,52001,52,001
ALBÁN,52019,52,019
ALDANA,52022,52,022
ANCUYÁ,52036,52,036
ARBOLEDA,52051,52,051
BARBACOAS,52079,52,079
BELÉN,52083,52,083
BUESACO,52110,52,110
COLÓN,52203,52,203
CONSACA,52207,52,207
CONTADERO,52210,52,210
CÓRDOBA,52215,52,215
CUASPUD,52224,52,224
CUMBAL,52227,52,227
CUMBITARA,52233,52,233
CHACHAGÜÍ,52240,52,240
EL CHARCO,52250,52,250
EL PEÑOL,52254,52,254
EL ROSARIO,52256,52,256
EL TABLÓN DE GÓMEZ,52258,52,258
EL TAMBO,52260,52,260
FUNES,52287,52,287
GUACHUCAL,52317,52,317
GUAITARILLA,52320,52,320
GUALMATÁN,52323,52,323
ILES,52352,52,352
IMUÉS,52354,52,354
IPIALES,52356,52,356
LA CRUZ,52378,52,378
LA FLORIDA,52381,52,381
LA LLANADA,52385,52,385
LA TOLA,52390,52,390
LA UNIÓN,52399,52,399
LEIVA,52405,52,405
LINARES,52411,52,411
LOS ANDES,52418,52,418
MAGÜI,52427,52,427
MALLAMA,52435,52,435
MOSQUERA,52473,52,473
NARIÑO,52480,52,480
OLAYA HERRERA,52490,52,490
OSPINA Códigos,52506,52,506
FRANCISCO PIZARRO,52520,52,520
POLICARPA,52540,52,540
POTOSÍ,52560,52,560
PROVIDENCIA,52565,52,565
PUPIALES,52585,52,585
RICAURTE,52612,52,612
ROBERTO PAYÁN,52621,52,621
SAMANIEGO,52678,52,678
SANDONÁ,52683,52,683
SAN BERNARDO,52685,52,685
SAN LORENZO,52687,52,687
SAN PABLO,52693,52,693
SAN PEDRO DE CARTAGO,52694,52,694
SANTA BÁRBARA,52696,52,696
SANTACRUZ,52699,52,699
SAPUYES,52720,52,720
TAMINANGO,52786,52,786
TANGUA,52788,52,788
SAN ANDRES DE TUMACO,52835,52,835
TÚQUERRES,52838,52,838
YACUANQUER,52885,52,885
CÚCUTA,54001,54,001
ABREGO,54003,54,003
ARBOLEDAS,54051,54,051
BOCHALEMA,54099,54,099
BUCARASICA,54109,54,109
CÁCOTA,54125,54,125
CACHIRÁ,54128,54,128
CHINÁCOTA,54172,54,172
CHITAGÁ,54174,54,174
CONVENCIÓN,54206,54,206
CUCUTILLA,54223,54,223
DURANIA,54239,54,239
EL CARMEN,54245,54,245
EL TARRA,54250,54,250
EL ZULIA,54261,54,261
GRAMALOTE,54313,54,313
HACARÍ,54344,54,344
HERRÁN,54347,54,347
LABATECA,54377,54,377
LA ESPERANZA,54385,54,385
LA PLAYA,54398,54,398
LOS PATIOS,54405,54,405
LOURDES,54418,54,418
MUTISCUA,54480,54,480
OCAÑA,54498,54,498
PAMPLONA,54518,54,518
PAMPLONITA,54520,54,520
PUERTO SANTANDER,54553,54,553
RAGONVALIA,54599,54,599
SALAZAR,54660,54,660
SAN CALIXTO,54670,54,670
SAN CAYETANO,54673,54,673
SANTIAGO,54680,54,680
SARDINATA,54720,54,720
SILOS,54743,54,743
TEORAMA,54800,54,800
TIBÚ,54810,54,810
TOLEDO,54820,54,820
VILLA CARO,54871,54,871
VILLA DEL ROSARIO,54874,54,874
ARMENIA,63001,63,001
BUENAVISTA,63111,63,111
CALARCA,63130,63,130
CIRCASIA,63190,63,190
CÓRDOBA,63212,63,212
FILANDIA,63272,63,272
GÉNOVA,63302,63,302
LA TEBAIDA,63401,63,401
MONTENEGRO,63470,63,470
PIJAO,63548,63,548
QUIMBAYA,63594,63,594
SALENTO,63690,63,690
PEREIRA,66001,66,001
APÍA,66045,66,045
BALBOA,66075,66,075
BELÉN DE UMBRÍA,66088,66,088
DOSQUEBRADAS,66170,66,170
GUÁTICA Códigos,66318,66,318
LA CELIA,66383,66,383
LA VIRGINIA,66400,66,400
MARSELLA,66440,66,440
MISTRATÓ,66456,66,456
QUINCHÍA,66594,66,594
SANTA ROSA DE CABAL,66682,66,682
SANTUARIO,66687,66,687
BUCARAMANGA,68001,68,001
AGUADA,68013,68,013
ALBANIA,68020,68,020
ARATOCA,68051,68,051
BARBOSA,68077,68,077
BARICHARA,68079,68,079
BARRANCABERMEJA,68081,68,081
BETULIA,68092,68,092
BOLÍVAR,68101,68,101
CABRERA,68121,68,121
CALIFORNIA,68132,68,132
CAPITANEJO,68147,68,147
CARCASÍ,68152,68,152
CEPITÁ,68160,68,160
CERRITO,68162,68,162
CHARALÁ,68167,68,167
CHARTA,68169,68,169
CHIMA,68176,68,176
CHIPATÁ,68179,68,179
CIMITARRA,68190,68,190
CONCEPCIÓN,68207,68,207
CONFINES,68209,68,209
CONTRATACIÓN,68211,68,211
COROMORO,68217,68,217
CURITÍ,68229,68,229
EL CARMEN DE CHUCURÍ,68235,68,235
EL GUACAMAYO,68245,68,245
EL PEÑÓN,68250,68,250
EL PLAYÓN,68255,68,255
ENCINO,68264,68,264
ENCISO,68266,68,266
FLORIÁN,68271,68,271
FLORIDABLANCA,68276,68,276
GALÁN,68296,68,296
GAMBITA,68298,68,298
GIRÓN,68307,68,307
GUACA,68318,68,318
GUADALUPE,68320,68,320
GUAPOTÁ,68322,68,322
GUAVATÁ,68324,68,324
GÜEPSA,68327,68,327
HATO,68344,68,344
JESÚS MARÍA,68368,68,368
JORDÁN,68370,68,370
LA BELLEZA,68377,68,377
LANDÁZURI,68385,68,385
LA PAZ,68397,68,397
LEBRÍJA,68406,68,406
LOS SANTOS,68418,68,418
MACARAVITA,68425,68,425
MÁLAGA,68432,68,432
MATANZA,68444,68,444
MOGOTES,68464,68,464
MOLAGAVITA,68468,68,468
OCAMONTE,68498,68,498
OIBA,68500,68,500
ONZAGA,68502,68,502
PALMAR,68522,68,522
PALMAS DEL SOCORRO,68524,68,524
PÁRAMO,68533,68,533
PIEDECUESTA,68547,68,547
PINCHOTE,68549,68,549
PUENTE NACIONAL,68572,68,572
PUERTO PARRA,68573,68,573
PUERTO WILCHES,68575,68,575
RIONEGRO,68615,68,615
SABANA DE TORRES,68655,68,655
SAN ANDRÉS,68669,68,669
SAN BENITO,68673,68,673
SAN GIL,68679,68,679
SAN JOAQUÍN,68682,68,682
SAN JOSÉ DE MIRANDA Códigos,68684,68,684
SAN MIGUEL,68686,68,686
SAN VICENTE DE CHUCURÍ,68689,68,689
SANTA BÁRBARA,68705,68,705
SANTA HELENA DEL OPÓN,68720,68,720
SOCORRO,68755,68,755
SUAITA,68770,68,770
SUCRE,68773,68,773
SURATÁ,68780,68,780
TONA,68820,68,820
VALLE DE SAN JOSÉ,68855,68,855
VÉLEZ,68861,68,861
VETAS,68867,68,867
VILLANUEVA,68872,68,872
ZAPATOCA,68895,68,895
SINCELEJO,70001,70,001
BUENAVISTA,70110,70,110
CAIMITO,70124,70,124
COLOSO,70204,70,204
COROZAL,70215,70,215
COVEÑAS,70221,70,221
CHALÁN,70230,70,230
EL ROBLE,70233,70,233
GALERAS,70235,70,235
GUARANDA,70265,70,265
LA UNIÓN,70400,70,400
LOS PALMITOS,70418,70,418
MAJAGUAL,70429,70,429
MORROA,70473,70,473
OVEJAS,70508,70,508
PALMITO,70523,70,523
SAMPUÉS,70670,70,670
SAN BENITO ABAD,70678,70,678
SAN JUAN DE BETULIA,70702,70,702
SAN MARCOS,70708,70,708
SAN ONOFRE,70713,70,713
SAN PEDRO,70717,70,717
SAN LUIS DE SINCÉ,70742,70,742
SUCRE,70771,70,771
SANTIAGO DE TOLÚ,70820,70,820
TOLÚ VIEJO,70823,70,823
IBAGUÉ,73001,73,001
ALPUJARRA,73024,73,024
ALVARADO,73026,73,026
AMBALEMA,73030,73,030
ANZOÁTEGUI,73043,73,043
ARMERO,73055,73,055
ATACO,73067,73,067
CAJAMARCA,73124,73,124
CARMEN DE APICALÁ,73148,73,148
CASABIANCA,73152,73,152
CHAPARRAL,73168,73,168
COELLO,73200,73,200
COYAIMA,73217,73,217
CUNDAY,73226,73,226
DOLORES,73236,73,236
ESPINAL,73268,73,268
FALAN,73270,73,270
FLANDES,73275,73,275
FRESNO,73283,73,283
GUAMO,73319,73,319
HERVEO,73347,73,347
HONDA,73349,73,349
ICONONZO,73352,73,352
LÉRIDA,73408,73,408
LÍBANO,73411,73,411
MARIQUITA,73443,73,443
MELGAR,73449,73,449
MURILLO,73461,73,461
NATAGAIMA,73483,73,483
ORTEGA,73504,73,504
PALOCABILDO,73520,73,520
PIEDRAS,73547,73,547
PLANADAS,73555,73,555
PRADO,73563,73,563
PURIFICACIÓN,73585,73,585
RIOBLANCO,73616,73,616
RONCESVALLES,73622,73,622
ROVIRA,73624,73,624
SALDAÑA Códigos,73671,73,671
SAN ANTONIO,73675,73,675
SAN LUIS,73678,73,678
SANTA ISABEL,73686,73,686
SUÁREZ,73770,73,770
VILLAHERMOSA,73870,73,870
VILLARRICA,73873,73,873
CALI,76001,76,001
ALCALÁ,76020,76,020
ANDALUCÍA,76036,76,036
ANSERMANUEVO,76041,76,041
ARGELIA,76054,76,054
BOLÍVAR,76100,76,100
BUENAVENTURA,76109,76,109
GUADALAJARA DE BUGA,76111,76,111
BUGALAGRANDE,76113,76,113
CAICEDONIA,76122,76,122
CALIMA,76126,76,126
CANDELARIA,76130,76,130
CARTAGO,76147,76,147
DAGUA,76233,76,233
EL ÁGUILA,76243,76,243
EL CAIRO,76246,76,246
EL CERRITO,76248,76,248
EL DOVIO,76250,76,250
FLORIDA,76275,76,275
GINEBRA,76306,76,306
GUACARÍ,76318,76,318
JAMUNDÍ,76364,76,364
LA CUMBRE,76377,76,377
LA UNIÓN,76400,76,400
LA VICTORIA,76403,76,403
OBANDO,76497,76,497
PALMIRA,76520,76,520
PRADERA,76563,76,563
RESTREPO,76606,76,606
RIOFRÍO,76616,76,616
ROLDANILLO,76622,76,622
SAN PEDRO,76670,76,670
SEVILLA,76736,76,736
TORO,76823,76,823
TRUJILLO,76828,76,828
TULUÁ,76834,76,834
ULLOA,76845,76,845
VERSALLES,76863,76,863
VIJES,76869,76,869
YOTOCO,76890,76,890
YUMBO,76892,76,892
ZARZAL,76895,76,895
ARAUCA,81001,81,001
ARAUQUITA,81065,81,065
CRAVO NORTE,81220,81,220
FORTUL,81300,81,300
PUERTO RONDÓN,81591,81,591
SARAVENA,81736,81,736
TAME,81794,81,794
YOPAL,85001,85,001
AGUAZUL,85010,85,010
CHAMEZA,85015,85,015
HATO COROZAL,85125,85,125
LA SALINA,85136,85,136
MANÍ,85139,85,139
MONTERREY,85162,85,162
NUNCHÍA,85225,85,225
OROCUÉ,85230,85,230
PAZ DE ARIPORO,85250,85,250
PORE,85263,85,263
RECETOR,85279,85,279
SABANALARGA,85300,85,300
SÁCAMA,85315,85,315
SAN LUIS DE PALENQUE,85325,85,325
TÁMARA,85400,85,400
TAURAMENA,85410,85,410
TRINIDAD,85430,85,430
VILLANUEVA,85440,85,440
MOCOA,86001,86,001
COLÓN,86219,86,219
ORITO,86320,86,320
PUERTO ASÍS Códigos,86568,86,568
PUERTO CAICEDO,86569,86,569
PUERTO GUZMÁN,86571,86,571
LEGUÍZAMO,86573,86,573
SIBUNDOY,86749,86,749
SAN MIGUEL,86757,86,757
SANTIAGO,86760,86,760
VALLE DEL GUAMUEZ,86865,86,865
VILLAGARZÓN,86885,86,885
SAN ANDRÉS,88001,88,001
PROVIDENCIA,88564,88,564
LETICIA,91001,91,001
EL ENCANTO,91263,91,263
LA CHORRERA,91405,91,405
LA PEDRERA,91407,91,407
LA VICTORIA,91430,91,430
MIRITI - PARANÁ,91460,91,460
PUERTO ALEGRÍA,91530,91,530
PUERTO ARICA,91536,91,536
PUERTO NARIÑO,91540,91,540
PUERTO SANTANDER,91669,91,669
TARAPACÁ,91798,91,798
INÍRIDA,94001,94,001
BARRANCO MINAS,94343,94,343
MAPIRIPANA,94663,94,663
SAN FELIPE,94883,94,883
PUERTO COLOMBIA,94884,94,884
LA GUADALUPE,94885,94,885
CACAHUAL,94886,94,886
PANA PANA,94887,94,887
MORICHAL,94888,94,888
SAN JOSÉ DEL GUAVIARE,95001,95,001
CALAMAR,95015,95,015
EL RETORNO,95025,95,025
MIRAFLORES,95200,95,200
MITÚ,97001,97,001
CARURU,97161,97,161
PACOA,97511,97,511
TARAIRA,97666,97,666
PAPUNAUA,97777,97,777
YAVARATÉ,97889,97,889
PUERTO CARREÑO,99001,99,001
LA PRIMAVERA,99524,99,524
SANTA ROSALÍA,99624,99,624
CUMARIBO,99773,99,773
