run_id,fecha_hora,msg_id,subject,pdf_elegido,cufe,numero,fecha_factura,zip_match,estado,duracion_s,nuevos,enriquecidas,fuente,error
20260327_132503_dd0e9190,2026-03-27T13:38:35,AAMkADkwZmQ0YTA5LWE0M2MtNDk3Ni1hMzUzLTE0OTQxZDcwZWExMgBGAAAAAADJoyAzIWZBQakanooks8Z-BwBz4_gG-XGLQKeK0wIDJ6A7AAV36zxOAABz4_gG-XGLQKeK0wIDJ6A7AAWe_GB3AAA=,Aprobado- Factura  -  FELG 536554 - Radicado 191335 - LEGON TELECOMUNICACIONES S.A.S. - Cartagena - Palestina - NA,FELG 536554.pdf,30694c935230ae69a94fd2b9f12738e680aa68d544b034824acaadb0f14704bc93614053bee0967740508b777cf88981,FELG536554,2026-04-16,z080017956200826000103bc.zip,ok,36.9,7,7,CUFE,
20260327_132503_dd0e9190,2026-03-27T13:39:04,AAMkADkwZmQ0YTA5LWE0M2MtNDk3Ni1hMzUzLTE0OTQxZDcwZWExMgBGAAAAAADJoyAzIWZBQakanooks8Z-BwBz4_gG-XGLQKeK0wIDJ6A7AAV36zxOAABz4_gG-XGLQKeK0wIDJ6A7AAWe_GB2AAA=,Aprobado- Factura  -  FE-61781 - Radicado 191334 - BUK COL S.A.S - Transv. Libertador - NA,FE-61781.pdf,aab74bd239407ea548838f1d313595569824bc4dc3d6c04e92652479e3241ad41dc3eaf2cb197d455572fb41983840ef,FE-61781,2026-03-07,Document_4745303.zip,ok,29.757,7,7,CUFE,
20260327_132503_dd0e9190,2026-03-27T13:39:28,AAMkADkwZmQ0YTA5LWE0M2MtNDk3Ni1hMzUzLTE0OTQxZDcwZWExMgBGAAAAAADJoyAzIWZBQakanooks8Z-BwBz4_gG-XGLQKeK0wIDJ6A7AAV36zxOAABz4_gG-XGLQKeK0wIDJ6A7AAWe_GB1AAA=,Aprobado- Factura  -  FE 2774 - Radicado 191275 - IPSEL SAS - Dirección administrativa y financiera -Tics - NA,FE-2774 CONSORCIO CONSULTECNICOS- Impresion..pdf,5f7396c6fffb05d752d154c7880b3d7fbc045b64ac0435a126ef8a4cf0b656dbb0d10ffe7d65a33499a14bb7112a2fc0,FE2774,2026-04-20,(PDF_APROBADAS_FALLBACK),ok_pdf_aprobadas_fallback,24.024,7,7,PDF_APROBADAS,
20260327_132503_dd0e9190,2026-03-27T13:39:51,AAMkADkwZmQ0YTA5LWE0M2MtNDk3Ni1hMzUzLTE0OTQxZDcwZWExMgBGAAAAAADJoyAzIWZBQakanooks8Z-BwBz4_gG-XGLQKeK0wIDJ6A7AAV36zxOAABz4_gG-XGLQKeK0wIDJ6A7AAWe_GB0AAA=,Aprobado- Factura  -  FE 2773 - Radicado 191274 - IPSEL SAS - Cartago - Calarcá - NA,FE-2773 CONSORCIO INTERVIAL ANDINO - Impresion..pdf,89a075aceda7145e63b51fa42d87a680c75b7dd309ca671344d26bdc72a57035dc22b918b5d0750d19f02d3d2ab36325,FE2773,2026-04-20,(PDF_APROBADAS_FALLBACK),ok_pdf_aprobadas_fallback,22.176,7,7,PDF_APROBADAS,
20260327_132503_dd0e9190,2026-03-27T13:40:19,AAMkADkwZmQ0YTA5LWE0M2MtNDk3Ni1hMzUzLTE0OTQxZDcwZWExMgBGAAAAAADJoyAzIWZBQakanooks8Z-BwBz4_gG-XGLQKeK0wIDJ6A7AAV36zxOAABz4_gG-XGLQKeK0wIDJ6A7AAWe_GBzAAA=,Aprobado- Factura  -  FE 2772 - Radicado 191272 - IPSEL SAS - Cartagena - Palestina - NA,fv09004003280082600000109.pdf,fa91f2b645e6a2b9cac918816a95d7d9c4eaef42d6a7a1463706b47dfe6d1b46784468e26634684acf8727f2ac156166,FE2772,2026-04-20,z09004003280082600000109.zip,ok,28.753,7,7,CUFE,
20260327_132503_dd0e9190,2026-03-27T13:40:47,AAMkADkwZmQ0YTA5LWE0M2MtNDk3Ni1hMzUzLTE0OTQxZDcwZWExMgBGAAAAAADJoyAzIWZBQakanooks8Z-BwBz4_gG-XGLQKeK0wIDJ6A7AAV36zxOAABz4_gG-XGLQKeK0wIDJ6A7AAWe_GByAAA=,Aprobado- Factura  -  FE-60787 - Radicado 190869 - BUK COL S.A.S - Dirección administrativa y financiera -Talento Humano - NA,FA FE-60787 - PDF-4727527.pdf,d9822868b21e0a64b6d3705b733977ed147a0d031379bbe61a0c990db44d43ed3e6e3f56d0e6ab60e6c7997d646736f9,FE-60787,2026-03-04,Document_4727527.zip,ok,27.635,7,7,AIDX,
20260327_132503_dd0e9190,2026-03-27T13:41:14,AAMkADkwZmQ0YTA5LWE0M2MtNDk3Ni1hMzUzLTE0OTQxZDcwZWExMgBGAAAAAADJoyAzIWZBQakanooks8Z-BwBz4_gG-XGLQKeK0wIDJ6A7AAV36zxOAABz4_gG-XGLQKeK0wIDJ6A7AAWe_GBxAAA=,Aprobado- Factura  -  FE-60788 - Radicado 190870 - BUK COL S.A.S - Red Férrea Atlántico - NA,FA FE-60788 - PDF-4727529.pdf,e7c9289b135b8701455d02e7a16e516f5f5b63469ca8f8900cd8e81733ca830be31df00b0f535c2ac81d123437a769e1,FE-60788,2026-03-04,Document_4727529.zip,ok,27.134,7,7,AIDX,
20260327_132503_dd0e9190,2026-03-27T13:41:46,AAMkADkwZmQ0YTA5LWE0M2MtNDk3Ni1hMzUzLTE0OTQxZDcwZWExMgBGAAAAAADJoyAzIWZBQakanooks8Z-BwBz4_gG-XGLQKeK0wIDJ6A7AAV36zxOAABz4_gG-XGLQKeK0wIDJ6A7AAWe_GBwAAA=,Aprobado- Factura  -  FE-60789 - Radicado 190871 - BUK COL S.A.S - Pto. Gaitán – Pte. Arimena - NA,FA FE-60789 - PDF-4727531.pdf,582c0567d170c3fa0467b8aae8f5f326154b16faa1de12da8398a5d28b01b69ed3f165a9424e0357befac193e12be9ed,FE-60789,2026-03-04,Document_4727531.zip,ok,31.828,7,7,AIDX,
20260327_132503_dd0e9190,2026-03-27T13:42:12,AAMkADkwZmQ0YTA5LWE0M2MtNDk3Ni1hMzUzLTE0OTQxZDcwZWExMgBGAAAAAADJoyAzIWZBQakanooks8Z-BwBz4_gG-XGLQKeK0wIDJ6A7AAV36zxOAABz4_gG-XGLQKeK0wIDJ6A7AAWe_GBvAAA=,Aprobado- Factura  -  FE-60790 - Radicado 190872 - BUK COL S.A.S - Cartago - Calarcá - NA,190872.pdf,b3ed13505212322e842e16e80bbf4a0e3199926f48748d5252c425ff84cc6585a85b0bec8f1908ec3b979a9ab93abb24,FE-60790,2026-03-04,Document_4727533.zip,ok,25.836,7,7,AIDX,
20260327_132503_dd0e9190,2026-03-27T13:42:41,AAMkADkwZmQ0YTA5LWE0M2MtNDk3Ni1hMzUzLTE0OTQxZDcwZWExMgBGAAAAAADJoyAzIWZBQakanooks8Z-BwBz4_gG-XGLQKeK0wIDJ6A7AAV36zxOAABz4_gG-XGLQKeK0wIDJ6A7AAWe_GBuAAA=,Aprobado- Factura  -  FE-60791 - Radicado 190873 - BUK COL S.A.S - TM Av. 68 - NA,FA FE-60791 - PDF-4727535.pdf,ce2d63dc6b7f3bf3d46dbde8c810011ad1288ee0513518664d5ed701a1848b06d07ca6ad125d144b66f5ccd53d752342,FE-60791,2026-03-04,Document_4727535.zip,ok,28.905,7,7,AIDX,
20260327_132503_dd0e9190,2026-03-27T13:43:08,AAMkADkwZmQ0YTA5LWE0M2MtNDk3Ni1hMzUzLTE0OTQxZDcwZWExMgBGAAAAAADJoyAzIWZBQakanooks8Z-BwBz4_gG-XGLQKeK0wIDJ6A7AAV36zxOAABz4_gG-XGLQKeK0wIDJ6A7AAWe_GBtAAA=,Aprobado- Factura  -  FE-60793 - Radicado 190874 - BUK COL S.A.S - Cucutilla - Cornejo - NA,FA FE-60793 - PDF-4727539.pdf,1144c8bac8f69e91829dbf90e9352ade7e19941e1d908251cfaafee9ea3ec0eba041bbc5fa366a01f4e2fdf4deede33d,FE-60793,2026-03-04,Document_4727539.zip,ok,27.143,7,7,AIDX,
20260327_132503_dd0e9190,2026-03-27T13:43:36,AAMkADkwZmQ0YTA5LWE0M2MtNDk3Ni1hMzUzLTE0OTQxZDcwZWExMgBGAAAAAADJoyAzIWZBQakanooks8Z-BwBz4_gG-XGLQKeK0wIDJ6A7AAV36zxOAABz4_gG-XGLQKeK0wIDJ6A7AAWe_GBsAAA=,Aprobado- Factura  -  FE-60792 - Radicado 190875 - BUK COL S.A.S - Transv. Libertador - NA,FA FE-60792 - PDF-4727537.pdf,bfef1812b6b89a693e0bf84160c08425051134cdcace273528403237ffb314fd70a50b3732a38fa77e98c3c5c954c2d1,FE-60792,2026-03-04,Document_4727537.zip,ok,28.594,7,7,AIDX,
20260327_132503_dd0e9190,2026-03-27T13:44:05,AAMkADkwZmQ0YTA5LWE0M2MtNDk3Ni1hMzUzLTE0OTQxZDcwZWExMgBGAAAAAADJoyAzIWZBQakanooks8Z-BwBz4_gG-XGLQKeK0wIDJ6A7AAV36zxOAABz4_gG-XGLQKeK0wIDJ6A7AAWe_GBrAAA=,Aprobado- Factura  -  FE-60877 - Radicado 190882 - BUK COL S.A.S - Cesar Red Terciaria - NA,FE-60877.pdf,75f9d0fdce984fcc5b5e6c442595aa462bb6ec78f125b4fae4aa548afb0b844a56d62c357eb891a6337271d11c1a2e84,FE-60877,2026-03-04,Document_4727725.zip,ok,28.287,7,7,AIDX,
20260327_132503_dd0e9190,2026-03-27T13:44:33,AAMkADkwZmQ0YTA5LWE0M2MtNDk3Ni1hMzUzLTE0OTQxZDcwZWExMgBGAAAAAADJoyAzIWZBQakanooks8Z-BwBz4_gG-XGLQKeK0wIDJ6A7AAV36zxOAABz4_gG-XGLQKeK0wIDJ6A7AAWe_GBqAAA=,Aprobado- Factura  -  FE-60941 - Radicado 190884 - BUK COL S.A.S - 01-2025-327 TOYO T2 S1 - NA,FA FE-60941 - PDF-4727896.pdf,a0e6284d5a91693b1a8aa894a13981f10865975840bde2cf76214ccebafeee98c2193492189de2af528927bde1f8f2c6,FE-60941,2026-03-04,Document_4727896.zip,ok,28.222,7,7,AIDX,
20260327_132503_dd0e9190,2026-03-27T13:45:02,AAMkADkwZmQ0YTA5LWE0M2MtNDk3Ni1hMzUzLTE0OTQxZDcwZWExMgBGAAAAAADJoyAzIWZBQakanooks8Z-BwBz4_gG-XGLQKeK0wIDJ6A7AAV36zxOAABz4_gG-XGLQKeK0wIDJ6A7AAWe_GBpAAA=,Aprobado- Factura  -  FE-61776 - Radicado 191031 - BUK COL S.A.S - Dirección administrativa y financiera -Talento Humano - NA,FA FE-61776 - PDF-4745293.pdf,14705c4287da8448785d9dcf7c56cb349169cb887ba5449860acf130839456f281328c59afef2d3447674d6899ac768c,FE-61776,2026-03-07,Document_4745293.zip,ok,28.562,7,7,AIDX,
20260327_132503_dd0e9190,2026-03-27T13:45:30,AAMkADkwZmQ0YTA5LWE0M2MtNDk3Ni1hMzUzLTE0OTQxZDcwZWExMgBGAAAAAADJoyAzIWZBQakanooks8Z-BwBz4_gG-XGLQKeK0wIDJ6A7AAV36zxOAABz4_gG-XGLQKeK0wIDJ6A7AAWe_GBoAAA=,Aprobado- Factura  -  FE-61777 - Radicado 191032 - BUK COL S.A.S - Red Férrea Atlántico - NA,FA FE-61777 - PDF-4745295.pdf,71f5b4dad268d1f978a1c9a11d1ed89d8d6f95486916ddb235633a67d78424da138c83e43f9495ad6cd3adaae114417c,FE-61777,2026-03-07,Document_4745295.zip,ok,28.116,7,7,AIDX,
20260327_132503_dd0e9190,2026-03-27T13:45:56,AAMkADkwZmQ0YTA5LWE0M2MtNDk3Ni1hMzUzLTE0OTQxZDcwZWExMgBGAAAAAADJoyAzIWZBQakanooks8Z-BwBz4_gG-XGLQKeK0wIDJ6A7AAV36zxOAABz4_gG-XGLQKeK0wIDJ6A7AAWe_GBnAAA=,Aprobado- Factura  -  FE-61778 - Radicado 191033 - BUK COL S.A.S - Pto. Gaitán – Pte. Arimena - NA,FA FE-61778 - PDF-4745297.pdf,123b75cf749042c31464016017751e94e75e7b9605e1de692f315f43abcc2317800a84fd5ff00be958a0c502cf9f5c66,FE-61778,2026-03-07,Document_4745297.zip,ok,26.423,7,7,AIDX,
20260327_132503_dd0e9190,2026-03-27T13:46:24,AAMkADkwZmQ0YTA5LWE0M2MtNDk3Ni1hMzUzLTE0OTQxZDcwZWExMgBGAAAAAADJoyAzIWZBQakanooks8Z-BwBz4_gG-XGLQKeK0wIDJ6A7AAV36zxOAABz4_gG-XGLQKeK0wIDJ6A7AAWe_GBmAAA=,Aprobado- Factura  -  FE-61779 - Radicado 191034 - BUK COL S.A.S - Cartago - Calarcá - NA,FA FE-61779 - PDF-4745299.pdf,50cb40fc3134d55aff38048877872f5f728385126c6cff0b5a1de3d2b66cddb03627c78d3b4116c64362650a2bbaa218,FE-61779,2026-03-07,Document_4745299.zip,ok,27.897,7,7,AIDX,
20260327_132503_dd0e9190,2026-03-27T13:46:53,AAMkADkwZmQ0YTA5LWE0M2MtNDk3Ni1hMzUzLTE0OTQxZDcwZWExMgBGAAAAAADJoyAzIWZBQakanooks8Z-BwBz4_gG-XGLQKeK0wIDJ6A7AAV36zxOAABz4_gG-XGLQKeK0wIDJ6A7AAWe_GBlAAA=,Aprobado- Factura  -  FE-61780 - Radicado 191035 - BUK COL S.A.S - TM Av. 68 - NA,FA FE-61780 - PDF-4745301.pdf,1eead5ce980d55ac86787e73e26f21c955d3d90aa461703f935a4901740b6b4caac5607aab9d86e296145df9afe9bb13,FE-61780,2026-03-07,Document_4745301.zip,ok,29.037,7,7,AIDX,
20260327_132503_dd0e9190,2026-03-27T13:47:23,AAMkADkwZmQ0YTA5LWE0M2MtNDk3Ni1hMzUzLTE0OTQxZDcwZWExMgBGAAAAAADJoyAzIWZBQakanooks8Z-BwBz4_gG-XGLQKeK0wIDJ6A7AAV36zxOAABz4_gG-XGLQKeK0wIDJ6A7AAWe_GBkAAA=,Aprobado- Factura  -  FE-62055 - Radicado 191038 - BUK COL S.A.S - Cesar Red Terciaria - NA,FA FE-62055 - PDF-4745921.pdf,a148d93b53c0530421c219582fcd76a65e3e8ea87c85ec2fcf35d8a2504a8eb90b5e1e6a57fcd33add6ff2e2286b1a87,FE-62055,2026-03-07,Document_4745921.zip,ok,29.973,7,7,AIDX,
20260327_132503_dd0e9190,2026-03-27T13:48:01,AAMkADkwZmQ0YTA5LWE0M2MtNDk3Ni1hMzUzLTE0OTQxZDcwZWExMgBGAAAAAADJoyAzIWZBQakanooks8Z-BwBz4_gG-XGLQKeK0wIDJ6A7AAV36zxOAABz4_gG-XGLQKeK0wIDJ6A7AAWe_GBjAAA=,Aprobado- Factura  -  FE-62248 - Radicado 191039 - BUK COL S.A.S - 01-2025-327 TOYO T2 S1 - NA,FA FE-62248 - PDF-4746352.pdf,15155fff609d3c46cfbe4da27790fbe2894eb5741ac03cf024a1e9c9bf6e9086d89a7f7b7b05fd6ad4ceb15c5d71bda2,FE-62248,2026-03-07,Document_4746352.zip,ok,37.759,7,7,AIDX,
20260327_132503_dd0e9190,2026-03-27T13:49:22,AAMkADkwZmQ0YTA5LWE0M2MtNDk3Ni1hMzUzLTE0OTQxZDcwZWExMgBGAAAAAADJoyAzIWZBQakanooks8Z-BwBz4_gG-XGLQKeK0wIDJ6A7AAV36zxOAABz4_gG-XGLQKeK0wIDJ6A7AAWe_GBiAAA=,Aprobado- Factura  -  FE-61782 - Radicado 191075 - BUK COL S.A.S - Cucutilla - Cornejo - NA,FA FE-61782 - PDF-4745305.pdf,c7acb340917bcca071642c32ff4b167b4b1184be61b6f7f030438369f2a4c9dfece1732a05ca0faa77d57d8d51e5d799,FE-61782,2026-03-07,Document_4745305.zip,ok,81.344,7,7,AIDX,
20260327_132503_dd0e9190,2026-03-27T13:50:07,AAMkADkwZmQ0YTA5LWE0M2MtNDk3Ni1hMzUzLTE0OTQxZDcwZWExMgBGAAAAAADJoyAzIWZBQakanooks8Z-BwBz4_gG-XGLQKeK0wIDJ6A7AAV36zxOAABz4_gG-XGLQKeK0wIDJ6A7AAWe_GBhAAA=,Aprobado- Factura  -  OO3119 - Radicado 191227 - OLANO&OLANO ABOGADOS SAS - Dirección administrativa y financiera -Talento Humano - NA,dian_OO3119.pdf,48cdd74c95014ee31408bb61b54973793c13d1baa7e21e950ba166da7050a6c4f996ee2b48c1b960425babcae79abab7,OO3119,2026-02-03,OO3119.zip,ok,44.758,7,7,CUFE,
20260327_132503_dd0e9190,2026-03-27T13:51:23,AAMkADkwZmQ0YTA5LWE0M2MtNDk3Ni1hMzUzLTE0OTQxZDcwZWExMgBGAAAAAADJoyAzIWZBQakanooks8Z-BwBz4_gG-XGLQKeK0wIDJ6A7AAV36zxOAABz4_gG-XGLQKeK0wIDJ6A7AAWe_GBgAAA=,Aprobado- Factura  -  FPP - 463496 - Radicado 191297 - PEOPLE PASS SAS - Joyco Consultores S.A.S. - NA,ad09002099560072600463496.pdf,253202670611accea9006764331facaeeccd211cadeeaacae266976eeafca15036012210190bdccd176f463496eedeed,FPP-463496,2025-08-21,z09002099560072600463496.zip,ok,76.077,7,0,NUM_MATCH:FPP463496,
20260327_132503_dd0e9190,2026-03-27T13:52:45,AAMkADkwZmQ0YTA5LWE0M2MtNDk3Ni1hMzUzLTE0OTQxZDcwZWExMgBGAAAAAADJoyAzIWZBQakanooks8Z-BwBz4_gG-XGLQKeK0wIDJ6A7AAV36zxOAABz4_gG-XGLQKeK0wIDJ6A7AAWe_GBfAAA=,Aprobado- Factura  -  M7012539 - Radicado 190775 - COLMEDICA MEDICINA PREPAGADA - Dirección administrativa y financiera -Talento Humano - NA,M7012539.pdf,f90fc6c1f9b36008f74fa9ab48097a2a4f981a75577444d3d69bd0b43ba1df34701dd4e8595757d18c07b0b778107b79,M7012539,2025-08-25,Factura Colmedica 02 de Marzo de 2026.zip,ok,81.777,7,7,AIDX,
20260327_132503_dd0e9190,2026-03-27T13:53:25,AAMkADkwZmQ0YTA5LWE0M2MtNDk3Ni1hMzUzLTE0OTQxZDcwZWExMgBGAAAAAADJoyAzIWZBQakanooks8Z-BwBz4_gG-XGLQKeK0wIDJ6A7AAV36zxOAABz4_gG-XGLQKeK0wIDJ6A7AAWe_GBeAAA=,Aprobado- Factura  -  E6042466276 - Radicado 191312 - COMCEL SA - Dirección administrativa y financiera -Infraestructura - NA,fv0800153993015266042466276.pdf,ccea8001539937a13cacdadbacdaacadeccc44b57a49aeeadacdafacaeeccadeeae6042466276ecefecaedeaefeecade,8215760661,2024-08-22,z0800153993015266042466276.zip,ok,39.909,7,0,NUMERO:E6042466276,
20260327_132503_dd0e9190,2026-03-27T13:53:52,AAMkADkwZmQ0YTA5LWE0M2MtNDk3Ni1hMzUzLTE0OTQxZDcwZWExMgBGAAAAAADJoyAzIWZBQakanooks8Z-BwBz4_gG-XGLQKeK0wIDJ6A7AAV36zxOAABz4_gG-XGLQKeK0wIDJ6A7AAWe7pddAAA=,Aprobado- Factura  -  CFEV1865 - Radicado 191324 - COMERCIALIZADORA DE TECNOLOGIAS DIGITALES & EXTENSIVAS C.T.D.E - S.A.S - Red Férrea Atlántico - NA,ad09015563110852600000303.pdf,d536424e9cfae069c9a10975232d6e445287385c52d88839f65beda5ac78a504b752db5d4ee4064a98fcdf3af6a2cc34,CFEV1865,2026-03-26,z09015563110852600000303.zip,ok,26.913,7,7,CUFE,
20260327_132503_dd0e9190,2026-03-27T13:54:19,AAMkADkwZmQ0YTA5LWE0M2MtNDk3Ni1hMzUzLTE0OTQxZDcwZWExMgBGAAAAAADJoyAzIWZBQakanooks8Z-BwBz4_gG-XGLQKeK0wIDJ6A7AAV36zxOAABz4_gG-XGLQKeK0wIDJ6A7AAWd34P-AAA=,Aprobado- Factura  -  CPFP 204769 - Radicado 191278 - COMPAÑIA PAPELERA NACIONAL SAS - Dirección administrativa y financiera -Compras - NA,ad09000094950162600031fe1.pdf,e73e3dbec07ecbf19dffbf3d751b34abb40db9356fbaa37fc5de77d4cac0052f19eec4688425f45ebde1ebe17d0d0b4a,CPFP204769,2025-04-11,z09000094950162600031fe1.zip,ok,27.142,7,7,CUFE,
20260327_132503_dd0e9190,2026-03-27T13:54:47,AAMkADkwZmQ0YTA5LWE0M2MtNDk3Ni1hMzUzLTE0OTQxZDcwZWExMgBGAAAAAADJoyAzIWZBQakanooks8Z-BwBz4_gG-XGLQKeK0wIDJ6A7AAV36zxOAABz4_gG-XGLQKeK0wIDJ6A7AAWd34P_AAA=,Aprobado- Factura  -  CPFP 204759 - Radicado 191276 - COMPAÑIA PAPELERA NACIONAL SAS - Dirección administrativa y financiera -Compras - NA,ad09000094950162600031fd7.pdf,a303ce5c621e3585c87d3052f4480c3ad815e32df94d4d9b92e515b6bcb4b43dc73f55e59cb839201cd8a99589618542,CPFP204759,2025-04-11,z09000094950162600031fd7.zip,ok,28.336,7,7,NUM_MATCH:CPFP204759,
20260327_132503_dd0e9190,2026-03-27T13:55:08,AAMkADkwZmQ0YTA5LWE0M2MtNDk3Ni1hMzUzLTE0OTQxZDcwZWExMgBGAAAAAADJoyAzIWZBQakanooks8Z-BwBz4_gG-XGLQKeK0wIDJ6A7AAV36zxOAABz4_gG-XGLQKeK0wIDJ6A7AAWd34P9AAA=,Aprobado- Factura  -  48703762 - Radicado 191315 - BENTLEY - Dirección administrativa y financiera -Compras - NA,Invoice.PDF,deccdefacacccae44b57a40baaeeada0000bacbaeedefacaedefacafecadefacaedeeddedeceedafacaa1de248703762,48703762,2026-03-25,(PDF_APROBADAS_FALLBACK),ok_pdf_aprobadas_fallback,20.515,7,7,PDF_APROBADAS,
20260327_132503_dd0e9190,2026-03-27T13:55:34,AAMkADkwZmQ0YTA5LWE0M2MtNDk3Ni1hMzUzLTE0OTQxZDcwZWExMgBGAAAAAADJoyAzIWZBQakanooks8Z-BwBz4_gG-XGLQKeK0wIDJ6A7AAV36zxOAABz4_gG-XGLQKeK0wIDJ6A7AAWd34P8AAA=,Aprobado- Factura  -  FE 2771 - Radicado 191271 - IPSEL SAS - FAC - Pto. Salgar - NA,fv09004003280082600000108.pdf,dca9c799786d9c8331ec74202e450c21d15028042a70a98f4b2e3736d631c8f70e58ba0cf056fcf59096abd47ce7d74e,FE2771,2026-04-20,z09004003280082600000108.zip,ok,26.908,7,7,CUFE,
20260327_132503_dd0e9190,2026-03-27T13:56:01,AAMkADkwZmQ0YTA5LWE0M2MtNDk3Ni1hMzUzLTE0OTQxZDcwZWExMgBGAAAAAADJoyAzIWZBQakanooks8Z-BwBz4_gG-XGLQKeK0wIDJ6A7AAV36zxOAABz4_gG-XGLQKeK0wIDJ6A7AAWd34P7AAA=,Aprobado- Factura  -  INFY - 9367 - Radicado 191316 - INFINITY CORP SAS - TM Av. 68 - NA,ad09008622600002600000126.pdf,fc588def647182ba70cc8bdfdf629bfa7a93043c37288250b24451a7f874af1fcf9858f036d02aefcd92fb800cec6397,INFY-9367,2025-07-02,ad09008622600002600000126.zip,ok,27.024,7,0,CUFE,
20260327_132503_dd0e9190,2026-03-27T13:56:30,AAMkADkwZmQ0YTA5LWE0M2MtNDk3Ni1hMzUzLTE0OTQxZDcwZWExMgBGAAAAAADJoyAzIWZBQakanooks8Z-BwBz4_gG-XGLQKeK0wIDJ6A7AAV36zxOAABz4_gG-XGLQKeK0wIDJ6A7AAWd34P6AAA=,Aprobado- Factura  -  FE 2770 - Radicado 191270 - IPSEL SAS - L.T. Guaymaral - NA,fv09004003280082600000107.pdf,fbbf48c92e5f3ce81ef59c1df4fbdfe6f971a912dbcb7a5e25ff2b718b672cef1ff93c40a5ea75d8d4f7984c6dc3f6e4,FE2770,2026-04-20,z09004003280082600000107.zip,ok,28.216,7,7,CUFE,
20260327_132503_dd0e9190,2026-03-27T13:56:57,AAMkADkwZmQ0YTA5LWE0M2MtNDk3Ni1hMzUzLTE0OTQxZDcwZWExMgBGAAAAAADJoyAzIWZBQakanooks8Z-BwBz4_gG-XGLQKeK0wIDJ6A7AAV36zxOAABz4_gG-XGLQKeK0wIDJ6A7AAWd34P5AAA=,Aprobado- Factura  -  FE 2775 - Radicado 191273 - IPSEL SAS - Dirección administrativa y financiera -Tics - NA,fv0900400328008260000010c.pdf,f10859eb2d2dadecaa35fc7526a6c3be76ed6d9cf73d34ed17da8647ca4819acba0043bcce6461c25290379122bdc803,FE2775,2026-04-20,z0900400328008260000010c.zip,ok,26.988,7,7,CUFE,
20260327_132503_dd0e9190,2026-03-27T13:57:26,AAMkADkwZmQ0YTA5LWE0M2MtNDk3Ni1hMzUzLTE0OTQxZDcwZWExMgBGAAAAAADJoyAzIWZBQakanooks8Z-BwBz4_gG-XGLQKeK0wIDJ6A7AAV36zxOAABz4_gG-XGLQKeK0wIDJ6A7AAWd34P4AAA=,Aprobado- Factura  -  N0762184  - Radicado 191314 - SERVIENTREGA SA - Red Férrea Atlántico - NA,Representacion grafica.pdf,f022b4503782032f2859ac70b82bc1e6cbd8a6fcfb4a18103e13448951dd1954c4db2d350400aad6df2658dc01cc9232,N0762184,2026-03-26,Factura-N0762184.zip,ok,29.477,7,7,CUFE,
20260327_132503_dd0e9190,2026-03-27T13:58:21,AAMkADkwZmQ0YTA5LWE0M2MtNDk3Ni1hMzUzLTE0OTQxZDcwZWExMgBGAAAAAADJoyAzIWZBQakanooks8Z-BwBz4_gG-XGLQKeK0wIDJ6A7AAV36zxOAABz4_gG-XGLQKeK0wIDJ6A7AAWd34P3AAA=,Aprobado- Factura  -  FV 1807 - Radicado 191266 - LEON MOYANO CONSULTORES SAS - Reserva Ventura S.A.S. - NA,a0f0dd18-7ec2-4489-8f4c-9489c355dbfe.pdf,2bba60cd24fd9eb17b87b026e0ce387f6615101c07c46ef487549d49fb3be8055b24b617d2cce28e27a7acbbb847a5ce,FV1807,2024-12-05,a0f0dd18-7ec2-4489-8f4c-9489c355dbfe.zip,ok,54.915,7,7,CUFE,
20260327_132503_dd0e9190,2026-03-27T13:59:19,AAMkADkwZmQ0YTA5LWE0M2MtNDk3Ni1hMzUzLTE0OTQxZDcwZWExMgBGAAAAAADJoyAzIWZBQakanooks8Z-BwBz4_gG-XGLQKeK0wIDJ6A7AAV36zxOAABz4_gG-XGLQKeK0wIDJ6A7AAWd34P2AAA=,Aprobado- Factura  -  TV43 - 10085065 - Radicado 191166 - CAMARA DE COMERCIO DE BOGOTA - Nica Inmuebles S.A.S. - NA,860007322_TV4310085065.pdf,c7a76a504b326fdf6e4b6f7b3e9a36aa9dd2cdb6b471e35a19c41fcf4f8fd919411cf717aaf94f6d73ac8a1272130f73,TV43-10085065,2025-01-27,860007322_TV4310085065.zip,ok,58.008,7,0,AIDX,
20260327_132503_dd0e9190,2026-03-27T13:59:49,AAMkADkwZmQ0YTA5LWE0M2MtNDk3Ni1hMzUzLTE0OTQxZDcwZWExMgBGAAAAAADJoyAzIWZBQakanooks8Z-BwBz4_gG-XGLQKeK0wIDJ6A7AAV36zxOAABz4_gG-XGLQKeK0wIDJ6A7AAWd34P1AAA=,Aprobado- Factura  -  EB 000341919669 - Radicado 191127 - ETB E.S.P. EMPRESA DE TELECOMUNICACIONES DE BOGOTA SA ESP - Nica Inmuebles S.A.S. - NA,Tu Factura ETB Marzo de 2026.pdf,12054335553cb47cb38ccaac1d058baa41eb9fdc3c3e3b93b9e88edaddacdcb79d864fcbb80e3abcabaa9b3bf2e130f0,EB000341919669,2024-12-27,Cadec.zip,ok,29.932,0,0,PDF_TOKEN:2026,
20260327_132503_dd0e9190,2026-03-27T14:00:22,AAMkADkwZmQ0YTA5LWE0M2MtNDk3Ni1hMzUzLTE0OTQxZDcwZWExMgBGAAAAAADJoyAzIWZBQakanooks8Z-BwBz4_gG-XGLQKeK0wIDJ6A7AAV36zxOAABz4_gG-XGLQKeK0wIDJ6A7AAWd34P0AAA=,Aprobado- Factura  -  I6C7303286 - Radicado 191253 - D1 SAS - Cucutilla - Cornejo - NA,fv090027696202126I6C7303286.pdf,a83473ca7211c149e079c8d317bcf03e7702a227df7dfffae94e26475050d866986ff56fb14994f0c,I6,2026-03-20,090027696202126I6C7303286.zip,ok,33.378,7,7,NUM_MATCH:I6C7303286,
20260327_132503_dd0e9190,2026-03-27T14:00:54,AAMkADkwZmQ0YTA5LWE0M2MtNDk3Ni1hMzUzLTE0OTQxZDcwZWExMgBGAAAAAADJoyAzIWZBQakanooks8Z-BwBz4_gG-XGLQKeK0wIDJ6A7AAV36zxOAABz4_gG-XGLQKeK0wIDJ6A7AAWd34PzAAA=,Aprobado- Factura  -  CBFC-25 - Radicado 191300 - BARRIOS DORADO CLAUDIA REGINA - Transv. Libertador - NA,5bcba46f20689f1b27b1f1d6046bc8f8297630fb033a224ac9ced4ded6b014fa3b8ac040341628872a8cf13433c4a360.pdf,5bcba46f20689f1b27b1f1d6046bc8f8297630fb033a224ac9ced4ded6b014fa3b8ac040341628872a8cf13433c4a360,CBFC-25,2026-03-25,Attachment-CBFC25.zip,ok,31.898,7,7,CUFE,
20260327_132503_dd0e9190,2026-03-27T14:01:27,AAMkADkwZmQ0YTA5LWE0M2MtNDk3Ni1hMzUzLTE0OTQxZDcwZWExMgBGAAAAAADJoyAzIWZBQakanooks8Z-BwBz4_gG-XGLQKeK0wIDJ6A7AAV36zxOAABz4_gG-XGLQKeK0wIDJ6A7AAWcf4M1AAA=,Aprobado- Factura  -  21359670 - Radicado 191281 - TIGO - 01-2025-327 TOYO T2 S1 - NA,900092385_18764098297031_BOPU132678794_01.pdf,abcdefab2026cc23faccceccc2408325240cccecccfacaeeccadeeadeecffecaeedcfaca202603188000000000003229,21359670,2026-03-18,Attachment-BOPU132678794.zip,ok,32.483,7,7,PDF_TOKEN:BOPU132678794,
20260327_132503_dd0e9190,2026-03-27T14:01:56,AAMkADkwZmQ0YTA5LWE0M2MtNDk3Ni1hMzUzLTE0OTQxZDcwZWExMgBGAAAAAADJoyAzIWZBQakanooks8Z-BwBz4_gG-XGLQKeK0wIDJ6A7AAV36zxOAABz4_gG-XGLQKeK0wIDJ6A7AAWcf4M0AAA=,Aprobado- Factura  -  FE373 - Radicado 191286 - RESERVA VENTURA SAS - Dirección administrativa y financiera -Compras - NA,dian_FE373.pdf,73409a2947025af0fb99dc8bf77a85dfa13eef437d71430089dc766682a22cf1ccee6d9d9f9151085f255b6c81efeb09,FE373,2025-02-10,FE373.zip,ok,28.953,7,7,CUFE,
20260327_132503_dd0e9190,2026-03-27T14:02:25,AAMkADkwZmQ0YTA5LWE0M2MtNDk3Ni1hMzUzLTE0OTQxZDcwZWExMgBGAAAAAADJoyAzIWZBQakanooks8Z-BwBz4_gG-XGLQKeK0wIDJ6A7AAV36zxOAABz4_gG-XGLQKeK0wIDJ6A7AAWcf4MzAAA=,Aprobado- Factura  -  257-76566 - Radicado 191269 - AGENCIA DE VIAJES Y TURISMO AVIATUR S.A.S - Transv. Libertador - NA,ad08600000180442600211684.pdf,db13c12fa05251d84f250ecbe729e70a1dc0f3c71783f0a7a58346c2b78ec78d7af5790534a23e0f0d802be36c58b993,EXPEDIENTE19751845,2026-03-20,z08600000180442600211684.zip,ok,29.412,7,7,CUFE,
20260327_132503_dd0e9190,2026-03-27T14:02:49,AAMkADkwZmQ0YTA5LWE0M2MtNDk3Ni1hMzUzLTE0OTQxZDcwZWExMgBGAAAAAADJoyAzIWZBQakanooks8Z-BwBz4_gG-XGLQKeK0wIDJ6A7AAV36zxOAABz4_gG-XGLQKeK0wIDJ6A7AAWcf4MyAAA=,Aprobado- Factura  -  3 - 292520541 - Radicado 191282 - COMCEL SA - Dirección administrativa y financiera -Infraestructura - NA,Factura_860067561-9_2026-MARZO.pdf,ccea8001539937cacdadcdadbacdadcdad8600675619deccc44b57a49deccdeccdeccfacaeeccadeea3292520541faca,520541300000013255,2026-03-05,(PDF_APROBADAS_FALLBACK),ok_pdf_aprobadas_fallback,23.859,7,0,PDF_APROBADAS,
20260327_132503_dd0e9190,2026-03-27T14:03:13,AAMkADkwZmQ0YTA5LWE0M2MtNDk3Ni1hMzUzLTE0OTQxZDcwZWExMgBGAAAAAADJoyAzIWZBQakanooks8Z-BwBz4_gG-XGLQKeK0wIDJ6A7AAV36zxOAABz4_gG-XGLQKeK0wIDJ6A7AAWcf4MxAAA=,Aprobado- Factura de servicio público  -  388028607-8 - Radicado 191284 - ENEL COLOMBIA SA ESP - Dirección administrativa y financiera -Infraestructura - ,Enel18 de Marzo de 2026.pdf,1208322ed1a553123802106423336aecabceeac2669763f1503e3fca1503badceaedeecaeaaeca35125140051caa900c,ECONOMICA3514,2026-03-18,Cadec.zip,ok,24.139,0,0,PDF_TOKEN:2026,
20260327_132503_dd0e9190,2026-03-27T14:03:18,AAMkADkwZmQ0YTA5LWE0M2MtNDk3Ni1hMzUzLTE0OTQxZDcwZWExMgBGAAAAAADJoyAzIWZBQakanooks8Z-BwBz4_gG-XGLQKeK0wIDJ6A7AAV36zxOAABz4_gG-XGLQKeK0wIDJ6A7AAWcf4MwAAA=,Aprobado- Factura de servicio público  -   62137411 - Radicado 191283 - AIR-E S.A.S - Red Férrea Atlántico - ,AIR-E62137411_mar26.pdf,,,,,omitido_no_factura,5.179,0,0,FILTRO,
20260327_132503_dd0e9190,2026-03-27T14:03:48,AAMkADkwZmQ0YTA5LWE0M2MtNDk3Ni1hMzUzLTE0OTQxZDcwZWExMgBGAAAAAADJoyAzIWZBQakanooks8Z-BwBz4_gG-XGLQKeK0wIDJ6A7AAV36zxOAABz4_gG-XGLQKeK0wIDJ6A7AAWcf4MvAAA=,Aprobado- Factura  -  FVE 5466 - Radicado 191268 - VILORIA JIMENEZ DONALDO ENRIQUE - Red Férrea Atlántico - NA,a90a750b-089d-4e5b-ae70-9038e83496fc.pdf,77af9a52160d23101d19ec3f5bc35fa4af128a33e96bffe20c3590c035ebe8fd2d526e188a52e34b454562fa2328f392,FVE5466,2026-09-11,a90a750b-089d-4e5b-ae70-9038e83496fc.zip,ok,29.62,7,7,CUFE,
20260327_132503_dd0e9190,2026-03-27T14:04:09,AAMkADkwZmQ0YTA5LWE0M2MtNDk3Ni1hMzUzLTE0OTQxZDcwZWExMgBGAAAAAADJoyAzIWZBQakanooks8Z-BwBz4_gG-XGLQKeK0wIDJ6A7AAV36zxOAABz4_gG-XGLQKeK0wIDJ6A7AAWcf4MuAAA=,Aprobado- Factura  -  FE - 1245 - Radicado 191263 - ROBERTO CAR S SAS - Tolima Red Terciaria - NA,FACTURA LATONERIA Y PUNTURA JOQ725.pdf,a90ca0fbbad7fd01d2ad0398bb5c7494912e75dd131ad086372933f2d52d8fc4709be79c1722b50421cba051d6407714,FE-1245,2024-08-07,(PDF_APROBADAS_FALLBACK),ok_pdf_aprobadas_fallback,20.958,7,0,PDF_APROBADAS,
20260327_132503_dd0e9190,2026-03-27T14:04:57,AAMkADkwZmQ0YTA5LWE0M2MtNDk3Ni1hMzUzLTE0OTQxZDcwZWExMgBGAAAAAADJoyAzIWZBQakanooks8Z-BwBz4_gG-XGLQKeK0wIDJ6A7AAV36zxOAABz4_gG-XGLQKeK0wIDJ6A7AAWcf4MtAAA=,Aprobado- Factura  -  FEE - 26205 - Radicado 191207 - ESRI COLOMBIA SAS - Dirección administrativa y financiera -Compras - NA,037-02 Esri Colombia SAS-.pdf,cd3cd2cd13cd5cd17cd13cd5cd6cd3cd18cd1cd2cd11cd4cd31cd3cd21cd5cd2cd23cd14cd6cd14cd3cd21cd23cd5cd2,FEE-26205,2026-02-13,z083012298300426d27cb2c1.zip,ok,48.333,7,0,AIDX,
20260327_132503_dd0e9190,2026-03-27T14:05:17,AAMkADkwZmQ0YTA5LWE0M2MtNDk3Ni1hMzUzLTE0OTQxZDcwZWExMgBGAAAAAADJoyAzIWZBQakanooks8Z-BwBz4_gG-XGLQKeK0wIDJ6A7AAV36zxOAABz4_gG-XGLQKeK0wIDJ6A7AAWcf4MsAAA=,Aprobado- Factura  -  PALE 2292 - Radicado 191214 - PALESTINA ECOHOTEL CENTRO DE CONVENCIONES LTDA - Dirección administrativa y financiera -Compras - NA,FACTURA JOYCO 1.pdf,8fcd85bb563581054687d5373ad4878ac852f35087929698ace5edc897db891206aae1bd3b3a8cb7a761d01a1b86e2a8,PALE2292,2026-03-18,(PDF_APROBADAS_FALLBACK),ok_pdf_aprobadas_fallback,20.064,7,7,PDF_APROBADAS,
20260327_132503_dd0e9190,2026-03-27T14:05:51,AAMkADkwZmQ0YTA5LWE0M2MtNDk3Ni1hMzUzLTE0OTQxZDcwZWExMgBGAAAAAADJoyAzIWZBQakanooks8Z-BwBz4_gG-XGLQKeK0wIDJ6A7AAV36zxOAABz4_gG-XGLQKeK0wIDJ6A7AAWcf4MrAAA=,Aprobado- Factura  -  ECO 35013 - Radicado 191204 - E-CONTAINERS SAS - FAC - Pto. Salgar - NA,050-03 Econtainers SAS.pdf,dedecaece5ec11042022facaafcc04fecadedecae4032026de050ec6595acadeccefeeddeccefcabcdadecadaedacae2,ECO35013,2022-04-11,z090064169200426a96f574f.zip,ok,33.271,7,7,AIDX,
20260327_132503_dd0e9190,2026-03-27T14:06:18,AAMkADkwZmQ0YTA5LWE0M2MtNDk3Ni1hMzUzLTE0OTQxZDcwZWExMgBGAAAAAADJoyAzIWZBQakanooks8Z-BwBz4_gG-XGLQKeK0wIDJ6A7AAV36zxOAABz4_gG-XGLQKeK0wIDJ6A7AAWcf4MqAAA=,Aprobado- Factura  -  CHFE2369 - Radicado 191193 - ECHEVERRI PEREZ FRANCISCO NORVEY - 01-2025-327 TOYO T2 S1 - NA,fv98544678232600002369.pdf,05bff735d0f463f90b5d24029b8382f47e37681bc843ca22d99c2b0b1f78a6a154ca61da05683d52910c8ea50f74de5c,CHFE2369,2026-03-17,fv98544678232600002369.zip,ok,27.619,7,7,AIDX,
20260327_132503_dd0e9190,2026-03-27T14:06:47,AAMkADkwZmQ0YTA5LWE0M2MtNDk3Ni1hMzUzLTE0OTQxZDcwZWExMgBGAAAAAADJoyAzIWZBQakanooks8Z-BwBz4_gG-XGLQKeK0wIDJ6A7AAV36zxOAABz4_gG-XGLQKeK0wIDJ6A7AAWcf4MpAAA=,Aprobado- Factura  -  257-76516 - Radicado 191190 - AGENCIA DE VIAJES Y TURISMO AVIATUR S.A.S - Dirección administrativa y financiera -Compras - NA,191190.pdf,d606d88967c6c97bf9e93e935a5cef8ed4ad412f44a4b68e967dc3401c0f7d451a215969f9fb8958457d4c8eaa10b21c,EXPEDIENTE19735676,2026-03-17,z08600000180442600198435.zip,ok,29.005,7,7,AIDX,
20260327_132503_dd0e9190,2026-03-27T14:07:17,AAMkADkwZmQ0YTA5LWE0M2MtNDk3Ni1hMzUzLTE0OTQxZDcwZWExMgBGAAAAAADJoyAzIWZBQakanooks8Z-BwBz4_gG-XGLQKeK0wIDJ6A7AAV36zxOAABz4_gG-XGLQKeK0wIDJ6A7AAWcf4MoAAA=,Aprobado- Factura  -  257-76514 - Radicado 191189 - AGENCIA DE VIAJES Y TURISMO AVIATUR S.A.S - Dirección administrativa y financiera -Compras - NA,ad08600000180442600197920.pdf,5ec126e92d6093572600899c301da2135b4cb320001f5cc8c60114fa236eab62f488c15bea0385db47cf0e493c70fbbd,EXPEDIENTE19734799,2026-03-17,z08600000180442600197920.zip,ok,29.449,7,7,AIDX,
20260327_132503_dd0e9190,2026-03-27T14:07:43,AAMkADkwZmQ0YTA5LWE0M2MtNDk3Ni1hMzUzLTE0OTQxZDcwZWExMgBGAAAAAADJoyAzIWZBQakanooks8Z-BwBz4_gG-XGLQKeK0wIDJ6A7AAV36zxOAABz4_gG-XGLQKeK0wIDJ6A7AAWcf4MnAAA=,Aprobado- Factura  -  257-76494 - Radicado 191157 - AGENCIA DE VIAJES Y TURISMO AVIATUR S.A.S - Cesar Red Terciaria - NA,ad08600000180442600191047.pdf,c6043133fb050bbb6532789ba351e4c80f632fe43a1685e2afcc3ad7125fb0c5457a3a3df0686a458660bb322602c547,EXPEDIENTE19667556,2026-03-14,z08600000180442600191047.zip,ok,26.605,7,7,AIDX,
20260327_132503_dd0e9190,2026-03-27T14:08:13,AAMkADkwZmQ0YTA5LWE0M2MtNDk3Ni1hMzUzLTE0OTQxZDcwZWExMgBGAAAAAADJoyAzIWZBQakanooks8Z-BwBz4_gG-XGLQKeK0wIDJ6A7AAV36zxOAABz4_gG-XGLQKeK0wIDJ6A7AAWcf4MmAAA=,Aprobado- Factura  -  IAS 556 - Radicado 191150 - INVERSIONES INMOBILIARIAS Y AGROPECUARIAS S.A.S - Red Férrea Atlántico - NA,fv09005544680082600000010.pdf,808a57e8279ecaf6fe406b7f5f01b5c4821c37cb5cc89f5b8bcf1af8f6cb6e341971186e90c2be74677a3d58cab6e6f0,IAS556,2026-03-13,z09005544680082600000010.zip,ok,30.26,7,7,AIDX,
20260327_132503_dd0e9190,2026-03-27T14:08:39,AAMkADkwZmQ0YTA5LWE0M2MtNDk3Ni1hMzUzLTE0OTQxZDcwZWExMgBGAAAAAADJoyAzIWZBQakanooks8Z-BwBz4_gG-XGLQKeK0wIDJ6A7AAV36zxOAABz4_gG-XGLQKeK0wIDJ6A7AAWcf4MlAAA=,Aprobado- Factura de servicio público  -  387786328-0 - Radicado 191223 - ENEL COLOMBIA SA ESP - Dirección administrativa y financiera -Infraestructura - ,Enel17 de Marzo de 2026 (1).pdf,911082ed1a50328011953764840aeccac44b57a4922badcaeeadadeecaeaaeca35115170250caa1000caedeeccecabca,ECONOMICA3514,2026-03-17,Cadec.zip,ok,25.189,0,0,PDF_TOKEN:2026,
20260327_132503_dd0e9190,2026-03-27T14:09:01,AAMkADkwZmQ0YTA5LWE0M2MtNDk3Ni1hMzUzLTE0OTQxZDcwZWExMgBGAAAAAADJoyAzIWZBQakanooks8Z-BwBz4_gG-XGLQKeK0wIDJ6A7AAV36zxOAABz4_gG-XGLQKeK0wIDJ6A7AAWcf4MkAAA=,Aprobado- Factura de servicio público  -  387877605-8 - Radicado 191222 - ENEL COLOMBIA SA ESP - Dirección administrativa y financiera -Infraestructura - ,Enel17 de Marzo de 2026.pdf,dceeaeeeecc3878776058aaacaedeceee09715408edd4151842cac44b57a4911badcaeeadadeecaeaaeca35115170251,ECONOMICA3514,2026-03-17,Cadec.zip,ok,22.104,0,0,PDF_TOKEN:2026,
20260327_132503_dd0e9190,2026-03-27T14:11:25,AAMkADkwZmQ0YTA5LWE0M2MtNDk3Ni1hMzUzLTE0OTQxZDcwZWExMgBGAAAAAADJoyAzIWZBQakanooks8Z-BwBz4_gG-XGLQKeK0wIDJ6A7AAV36zxOAABz4_gG-XGLQKeK0wIDJ6A7AAWcf4MjAAA=,Aprobado- Factura  -  LIT20793 - Radicado 191255 - LITIGAR PUNTO COM SAS - Dirección Jurídica - NA,fv083007034600426d5277f7c.pdf,dc303e6703fabd9e73fa6ddcdd52c75c544d655b22dd00cceb8475a501a4f883dcb90d1fcfe5dc5e4e52c52c335cc57c,LIT20793,2025-10-31,z083007034600426d5277f7c.zip,ok,144.096,7,7,CUFE,
20260327_132503_dd0e9190,2026-03-27T14:11:54,AAMkADkwZmQ0YTA5LWE0M2MtNDk3Ni1hMzUzLTE0OTQxZDcwZWExMgBGAAAAAADJoyAzIWZBQakanooks8Z-BwBz4_gG-XGLQKeK0wIDJ6A7AAV36zxOAABz4_gG-XGLQKeK0wIDJ6A7AAWcf4MiAAA=,Aprobado- Factura  -  FE450 - Radicado 191252 - CONSULTORES E INTERVENTORES TECNICOS SAS - TM Av. 68 - NA,dian_FE450.pdf,1016eddfe3a437babb882386e3db70e86be0fb1e98c239cf2cadf3bbc6c0d6acd271cc36ddd3d0ed5e64dd46e2d8ed6b,FE450,2025-10-01,FE450.zip,ok,29.355,7,7,CUFE,
20260327_132503_dd0e9190,2026-03-27T14:12:24,AAMkADkwZmQ0YTA5LWE0M2MtNDk3Ni1hMzUzLTE0OTQxZDcwZWExMgBGAAAAAADJoyAzIWZBQakanooks8Z-BwBz4_gG-XGLQKeK0wIDJ6A7AAV36zxOAABz4_gG-XGLQKeK0wIDJ6A7AAWcf4MhAAA=,Aprobado- Factura  -  FE449 - Radicado 191251 - CONSULTORES E INTERVENTORES TECNICOS SAS - TM Av. 68 - NA,dian_FE449.pdf,18b4a5175b7276347e940a12c442dd9fbde09062a7da46e71642504f0faf191073c3496399d31f897e5ed0c26257b9cf,FE449,2025-10-01,FE449.zip,ok,29.602,7,7,CUFE,
20260327_132503_dd0e9190,2026-03-27T14:12:54,AAMkADkwZmQ0YTA5LWE0M2MtNDk3Ni1hMzUzLTE0OTQxZDcwZWExMgBGAAAAAADJoyAzIWZBQakanooks8Z-BwBz4_gG-XGLQKeK0wIDJ6A7AAV36zxOAABz4_gG-XGLQKeK0wIDJ6A7AAWcf4MgAAA=,Aprobado- Factura  -  FE448 - Radicado 191250 - CONSULTORES E INTERVENTORES TECNICOS SAS - TM Av. 68 - NA,dian_FE448.pdf,3f5c7d8f30b591b78a170b3ff751dd9fa6276e5d840d847c90be7357e18c17634fedbd491687c24d7632e5dbc60893d2,FE448,2025-10-01,FE448.zip,ok,30.202,7,7,CUFE,
20260327_132503_dd0e9190,2026-03-27T14:13:21,AAMkADkwZmQ0YTA5LWE0M2MtNDk3Ni1hMzUzLTE0OTQxZDcwZWExMgBGAAAAAADJoyAzIWZBQakanooks8Z-BwBz4_gG-XGLQKeK0wIDJ6A7AAV36zxOAABz4_gG-XGLQKeK0wIDJ6A7AAWcf4MfAAA=,Aprobado- Factura  -  FVE 2139 - Radicado 191240 - JOYCO SAS BIC - TM Av. 68 - NA,fv08600675610082600000058.pdf,3fdeedf3f77a30c56db593d5bd4295a8f312efe8fe4e551e7ff0a5c079e017b3e88418c50ab7b932d3f56a4b7d4d9eea,FVE2139,2026-03-19,z08600675610082600000058.zip,ok,26.948,7,7,CUFE,
20260327_132503_dd0e9190,2026-03-27T14:15:29,AAMkADkwZmQ0YTA5LWE0M2MtNDk3Ni1hMzUzLTE0OTQxZDcwZWExMgBGAAAAAADJoyAzIWZBQakanooks8Z-BwBz4_gG-XGLQKeK0wIDJ6A7AAV36zxOAABz4_gG-XGLQKeK0wIDJ6A7AAWaTclDAAA=,Aprobado- Factura  -  FN-13 - Radicado 191258 - NAGEIA SAS - 06-2025-195 Mocoa Ambiental - DIAN,PDF-901838733-FN13_FACTURA_MARZO_2026.pdf,7b4ec5ac7709195b1c3b6be3ceca1e82ba2824473afc5fbb95ecfa142cb2ae6db0878af96e7625645e170ec06986ab8d,FN-13,2026-03-20,(PDF_APROBADAS_FALLBACK),ok_pdf_aprobadas_fallback,128.413,7,7,PDF_APROBADAS,
20260327_132503_dd0e9190,2026-03-27T14:15:56,AAMkADkwZmQ0YTA5LWE0M2MtNDk3Ni1hMzUzLTE0OTQxZDcwZWExMgBGAAAAAADJoyAzIWZBQakanooks8Z-BwBz4_gG-XGLQKeK0wIDJ6A7AAV36zxOAABz4_gG-XGLQKeK0wIDJ6A7AAWaTclCAAA=,Aprobado- Factura  -  FVE 2135 - Radicado 191231 - JOYCO SAS - Cartago - Calarcá - NA,fv08600675610082600000054.pdf,a53f915318288d53c03759e2d37abaaa71839358dff85b3be977f42d13078285f4c83627f581eb1ac941769c1b63a9f6,FVE2135,2026-03-19,z08600675610082600000054.zip,ok,26.925,7,7,CUFE,
20260327_132503_dd0e9190,2026-03-27T14:16:25,AAMkADkwZmQ0YTA5LWE0M2MtNDk3Ni1hMzUzLTE0OTQxZDcwZWExMgBGAAAAAADJoyAzIWZBQakanooks8Z-BwBz4_gG-XGLQKeK0wIDJ6A7AAV36zxOAABz4_gG-XGLQKeK0wIDJ6A7AAWaTclBAAA=,Aprobado- Factura  -  FVE 2143 - Radicado 191244 - JOYCO SAS BIC - Red Férrea Atlántico - NA,fv0860067561008260000005c.pdf,302dcfd5fb9500f4c8415fd8f52dd29e294206c0e2065cc474f99f4a007facf13198870f57ea001f981d3ee1ce51691e,FVE2143,2026-03-19,z0860067561008260000005c.zip,ok,28.5,7,7,CUFE,
20260327_132503_dd0e9190,2026-03-27T14:16:55,AAMkADkwZmQ0YTA5LWE0M2MtNDk3Ni1hMzUzLTE0OTQxZDcwZWExMgBGAAAAAADJoyAzIWZBQakanooks8Z-BwBz4_gG-XGLQKeK0wIDJ6A7AAV36zxOAABz4_gG-XGLQKeK0wIDJ6A7AAWaARk5AAA=,Aprobado- Factura  -  FVE 2141 - Radicado 191242 - JOYCO SAS BIC - Pto. Gaitán – Pte. Arimena - NA,fv0860067561008260000005a.pdf,322d4940e53e61567d0fc1acf9f214bf97924b6eb1f3746a19f7dbebf9e37ed4454796e01614fe0cbf936571d0e9fda9,FVE2141,2026-03-19,z0860067561008260000005a.zip,ok,29.72,7,7,CUFE,
20260327_132503_dd0e9190,2026-03-27T14:17:24,AAMkADkwZmQ0YTA5LWE0M2MtNDk3Ni1hMzUzLTE0OTQxZDcwZWExMgBGAAAAAADJoyAzIWZBQakanooks8Z-BwBz4_gG-XGLQKeK0wIDJ6A7AAV36zxOAABz4_gG-XGLQKeK0wIDJ6A7AAWaARk4AAA=,Aprobado- Factura  -  I0H0346645 - Radicado 191215 - D1 SAS - Cartago - Calarcá - NA,fv090027696202126I0H0346645.pdf,101cc0c35e105fcf7515f54584f05bf5c649fc87891d906bea034e61a05636a76f48c7ed30f35f16c,I0,2026-03-18,090027696202126I4J1104274.zip,ok,29.673,7,7,PDF_TOKEN:090027696202126I,
20260327_132503_dd0e9190,2026-03-27T14:17:57,AAMkADkwZmQ0YTA5LWE0M2MtNDk3Ni1hMzUzLTE0OTQxZDcwZWExMgBGAAAAAADJoyAzIWZBQakanooks8Z-BwBz4_gG-XGLQKeK0wIDJ6A7AAV36zxOAABz4_gG-XGLQKeK0wIDJ6A7AAWaARk3AAA=,Aprobado- Factura  -  BEC512825151 - Radicado 191220 - COLOMBIA TELECOMUNICACIONES SA ESP - Red Férrea Atlántico - NA,RepGrafica_BEC512825151.pdf,2d68431576b9b72af75e436118a5ef390fb9d859722125e6407fcb5ff93546f57272cd8ccc01b669392f33d17d40363d,BEC512825151,2025-10-21,6074328013.zip,ok,33.218,7,7,CUFE,
20260327_132503_dd0e9190,2026-03-27T14:18:06,AAMkADkwZmQ0YTA5LWE0M2MtNDk3Ni1hMzUzLTE0OTQxZDcwZWExMgBGAAAAAADJoyAzIWZBQakanooks8Z-BwBz4_gG-XGLQKeK0wIDJ6A7AAV36zxOAABz4_gG-XGLQKeK0wIDJ6A7AAWaARk2AAA=,Aprobado- Factura de servicio público  -  61865483 - Radicado 191161 - VANTI SA ESP - Nica Inmuebles S.A.S. - ,8. Factura Gas febrero Apto 601.pdf,,APTO601,,(PDF_APROBADAS_FALLBACK_NO_CUFE),sin_match_pdf_aprobadas_sin_cufe,8.836,0,0,PDF_APROBADAS,No se pudo leer por solo PDF porque no se encontró CUFE válido
20260327_132503_dd0e9190,2026-03-27T14:18:33,AAMkADkwZmQ0YTA5LWE0M2MtNDk3Ni1hMzUzLTE0OTQxZDcwZWExMgBGAAAAAADJoyAzIWZBQakanooks8Z-BwBz4_gG-XGLQKeK0wIDJ6A7AAV36zxOAABz4_gG-XGLQKeK0wIDJ6A7AAWaARk1AAA=,Aprobado- Factura  -  ECPH - 1869 - Radicado 191126 - EDIFICIO CONEX PROPIEDAD HORIZONTAL - Reserva Ventura S.A.S. - NA,ad09017788480892600000125.pdf,8e537d38faeae6c65253661d0dfb919d1f215b7105cecce16437662cc1c8d502a6903ae838b1390238ee95fa2afd394b,ECPH-1869,2025-06-18,z09017788480892600000125.zip,ok,26.546,7,0,AIDX,
20260327_132503_dd0e9190,2026-03-27T14:18:58,AAMkADkwZmQ0YTA5LWE0M2MtNDk3Ni1hMzUzLTE0OTQxZDcwZWExMgBGAAAAAADJoyAzIWZBQakanooks8Z-BwBz4_gG-XGLQKeK0wIDJ6A7AAV36zxOAABz4_gG-XGLQKeK0wIDJ6A7AAWaARk0AAA=,Aprobado- Factura  -  TV43-10052877 - Radicado 191097 - CAMARA DE COMERCIO DE BOGOTA - Icosaedro S.A.S. - NA,fddc0f71a94f82383fcded344718c06c88bdc810123d4de2d586b24e39f7b4ff241b044e4fb2145fae602c4402ed87a9.pdf,fddc0f71a94f82383fcded344718c06c88bdc810123d4de2d586b24e39f7b4ff241b044e4fb2145fae602c4402ed87a9,TV43-10052877,2026-03-10,CAMARA DE COMERCIO 2026.zip,ok,25.185,7,7,CUFE,
20260327_132503_dd0e9190,2026-03-27T14:19:24,AAMkADkwZmQ0YTA5LWE0M2MtNDk3Ni1hMzUzLTE0OTQxZDcwZWExMgBGAAAAAADJoyAzIWZBQakanooks8Z-BwBz4_gG-XGLQKeK0wIDJ6A7AAV36zxOAABz4_gG-XGLQKeK0wIDJ6A7AAWaARkzAAA=,Aprobado- Factura  -  V9FE-88941 - Radicado 191099 - TAKAMI SA - Icosaedro S.A.S. - NA,b8323e4aec1f6f9c0d4d543493953b636484659ffce574a1b02f65578b5921bd49542278f8a01c6e26e5aa4186d17199.pdf,b8323e4aec1f6f9c0d4d543493953b636484659ffce574a1b02f65578b5921bd49542278f8a01c6e26e5aa4186d17199,V9,2026-03-05,TAKAMI 032026.zip,ok,26.345,7,7,CUFE,
20260327_132503_dd0e9190,2026-03-27T14:19:51,AAMkADkwZmQ0YTA5LWE0M2MtNDk3Ni1hMzUzLTE0OTQxZDcwZWExMgBGAAAAAADJoyAzIWZBQakanooks8Z-BwBz4_gG-XGLQKeK0wIDJ6A7AAV36zxOAABz4_gG-XGLQKeK0wIDJ6A7AAWaARkyAAA=,Aprobado- Factura  -  ECPH-1868 - Radicado 191094 - EDIFICIO CONEX PROPIEDAD HORIZONTAL - Icosaedro S.A.S. - NA,4c102e91e111992c86503d6ec96f64812edd60f1f77b6332b6dc5fd396acbe6568a170b342a766a2f62ed7be34203618.pdf,4c102e91e111992c86503d6ec96f64812edd60f1f77b6332b6dc5fd396acbe6568a170b342a766a2f62ed7be34203618,ECPH-1868,2026-03-11,CONEX 308 ICOSAEDRO.zip,ok,26.257,7,7,CUFE,
20260327_132503_dd0e9190,2026-03-27T14:20:18,AAMkADkwZmQ0YTA5LWE0M2MtNDk3Ni1hMzUzLTE0OTQxZDcwZWExMgBGAAAAAADJoyAzIWZBQakanooks8Z-BwBz4_gG-XGLQKeK0wIDJ6A7AAV36zxOAABz4_gG-XGLQKeK0wIDJ6A7AAWaARkxAAA=,Aprobado- Factura  -  FE10-55226 - Radicado 191093 - COMERCIAL PAPELERA SA - Icosaedro S.A.S. - NA,702766c3496367701236df366c9ae6fcda54160baaabde4a96377c87f38d928312a290817f60b8b0cda14f88b0491f37.pdf,702766c3496367701236df366c9ae6fcda54160baaabde4a96377c87f38d928312a290817f60b8b0cda14f88b0491f37,FE10-55226,2026-02-28,COMERCIALIZADORA PAPELERA 1.zip,ok,27.598,7,7,CUFE,
20260327_132503_dd0e9190,2026-03-27T14:20:41,AAMkADkwZmQ0YTA5LWE0M2MtNDk3Ni1hMzUzLTE0OTQxZDcwZWExMgBGAAAAAADJoyAzIWZBQakanooks8Z-BwBz4_gG-XGLQKeK0wIDJ6A7AAV36zxOAABz4_gG-XGLQKeK0wIDJ6A7AAWaARkwAAA=,Aprobado- Factura  -  AA26350961 - Radicado 191024 - CAMARA DE COMERCIO DE BOGOTA - Icosaedro S.A.S. - NA,REC_113779225.pdf,8600073229adecbeeec9061de10dedcebede2020ede113779225edeecbaa26350961fecaa10032026125606fadeaacbe,AA26350961,2026-03-10,(PDF_APROBADAS_FALLBACK),ok_pdf_aprobadas_fallback,22.343,7,7,PDF_APROBADAS,
20260327_132503_dd0e9190,2026-03-27T14:22:40,AAMkADkwZmQ0YTA5LWE0M2MtNDk3Ni1hMzUzLTE0OTQxZDcwZWExMgBGAAAAAADJoyAzIWZBQakanooks8Z-BwBz4_gG-XGLQKeK0wIDJ6A7AAV36zxOAABz4_gG-XGLQKeK0wIDJ6A7AAWaARkvAAA=,Aprobado- Factura  -  DEFV-683183 - Radicado 191000 - EMPRESA AEREA DE SERVICIOS Y FACILITACION LOGISTICA INTEGRAL SA - Icosaedro S.A.S. - DIAN,EMPRESA AEREA DE SERVICIOS (1).pdf,5fdbfec40e477081bf1c50c9894e58ef0014e59295593fc7f03da7ad3858e3c318ae3bbdfa9b1494ce6acf3968363cef,DEFV-683183,2026-02-13,(PDF_APROBADAS_FALLBACK),ok_pdf_aprobadas_fallback,119.57,7,7,PDF_APROBADAS,
20260327_132503_dd0e9190,2026-03-27T14:23:07,AAMkADkwZmQ0YTA5LWE0M2MtNDk3Ni1hMzUzLTE0OTQxZDcwZWExMgBGAAAAAADJoyAzIWZBQakanooks8Z-BwBz4_gG-XGLQKeK0wIDJ6A7AAV36zxOAABz4_gG-XGLQKeK0wIDJ6A7AAWaARkuAAA=,Aprobado- Factura  -  IBIC-55661 - Radicado 190986 - OPERADORA HOTELERA HGM 50 SAS - Icosaedro S.A.S. - NA,b9f7c215bf4725ba06d85d9646f2f45a7f606c4981be97ddb6e83066be6784a9654b17c40f1c925508e454530ac01dac.pdf,b9f7c215bf4725ba06d85d9646f2f45a7f606c4981be97ddb6e83066be6784a9654b17c40f1c925508e454530ac01dac,IBIC-55661,2026-03-01,IBIS.zip,ok,26.754,7,7,AIDX,
20260327_132503_dd0e9190,2026-03-27T14:23:34,AAMkADkwZmQ0YTA5LWE0M2MtNDk3Ni1hMzUzLTE0OTQxZDcwZWExMgBGAAAAAADJoyAzIWZBQakanooks8Z-BwBz4_gG-XGLQKeK0wIDJ6A7AAV36zxOAABz4_gG-XGLQKeK0wIDJ6A7AAWaARktAAA=,Aprobado- Factura  -  QASI-11035 - Radicado 190895 - QUALITY AGENCY SAS - Reserva Ventura S.A.S. - NA,bb3783461a51a34226d688454a363ffded17f40d6cd2493b518107f20c4fa131c6417c208ad0d6d0f453133ec126d82a.pdf,bb3783461a51a34226d688454a363ffded17f40d6cd2493b518107f20c4fa131c6417c208ad0d6d0f453133ec126d82a,QASI-11035,2026-02-02,1A.zip,ok,27.02,7,7,NOMBRE,
20260327_132503_dd0e9190,2026-03-27T14:23:56,AAMkADkwZmQ0YTA5LWE0M2MtNDk3Ni1hMzUzLTE0OTQxZDcwZWExMgBGAAAAAADJoyAzIWZBQakanooks8Z-BwBz4_gG-XGLQKeK0wIDJ6A7AAV36zxOAABz4_gG-XGLQKeK0wIDJ6A7AAWaARksAAA=,Aprobado- Factura de servicio público  -  384526503-4 - Radicado 190888 - ENEL COLOMBIA SA ESP - Nica Inmuebles S.A.S. - ,4. Enel 15 ene-12 feb Apto 2501.pdf,,ENEL15,,(PDF_APROBADAS_FALLBACK_NO_CUFE),sin_match_pdf_aprobadas_sin_cufe,22.235,0,0,PDF_APROBADAS,No se pudo leer por solo PDF porque no se encontró CUFE válido
20260327_132503_dd0e9190,2026-03-27T14:24:26,AAMkADkwZmQ0YTA5LWE0M2MtNDk3Ni1hMzUzLTE0OTQxZDcwZWExMgBGAAAAAADJoyAzIWZBQakanooks8Z-BwBz4_gG-XGLQKeK0wIDJ6A7AAV36zxOAABz4_gG-XGLQKeK0wIDJ6A7AAWaARkrAAA=,Aprobado- Factura de servicio público  -  384657129-3 - Radicado 190887 - ENEL COLOMBIA SA ESP - Nica Inmuebles S.A.S. - ,7. Factura Enel ene-feb apto 601.pdf,dceeaeeeecc3846571293aaacaedeceee25114929edd602627feb202603a202616a2026de16ee2026a13feb202629da3,ECONOMICA3514,2026-02-18,(PDF_APROBADAS_FALLBACK),ok_pdf_aprobadas_fallback,30.37,7,0,PDF_APROBADAS,
20260327_132503_dd0e9190,2026-03-27T14:24:53,AAMkADkwZmQ0YTA5LWE0M2MtNDk3Ni1hMzUzLTE0OTQxZDcwZWExMgBGAAAAAADJoyAzIWZBQakanooks8Z-BwBz4_gG-XGLQKeK0wIDJ6A7AAV36zxOAABz4_gG-XGLQKeK0wIDJ6A7AAWZI4BDAAA=,Aprobado- Factura  -  FE 2443 - Radicado 191192 - INTI SOLUCION INMOBILIARIA - 01-2025-327 TOYO T2 S1 - NA,fv102209748900826000000d5.pdf,ff5f732881d1925238b909b57b9deb71af17953d387afd8da0d7eebd13b4bc459daf7b26833ed03cc5258283975c1d63,FE2443,2026-03-17,z102209748900826000000d5.zip,ok,26.531,7,7,AIDX,
20260327_132503_dd0e9190,2026-03-27T14:25:24,AAMkADkwZmQ0YTA5LWE0M2MtNDk3Ni1hMzUzLTE0OTQxZDcwZWExMgBGAAAAAADJoyAzIWZBQakanooks8Z-BwBz4_gG-XGLQKeK0wIDJ6A7AAV36zxOAABz4_gG-XGLQKeK0wIDJ6A7AAWZI4BCAAA=,Aprobado- Factura  -  MFE 11795 - Radicado 191172 - PINZUAR SAS - Transv. Libertador - NA,c159b4c1-134a-41e6-92f3-bc775923d560.pdf,8db7a66ea33f8a8ef6c29c14748967f7a9e0fc0f3ce4b9f4473bb3caba28a497e0d4405d5547ee5175fa2059df9bee65,MFE11795,2026-07-29,c159b4c1-134a-41e6-92f3-bc775923d560.zip,ok,31.372,7,7,AIDX,
20260327_132503_dd0e9190,2026-03-27T14:25:53,AAMkADkwZmQ0YTA5LWE0M2MtNDk3Ni1hMzUzLTE0OTQxZDcwZWExMgBGAAAAAADJoyAzIWZBQakanooks8Z-BwBz4_gG-XGLQKeK0wIDJ6A7AAV36zxOAABz4_gG-XGLQKeK0wIDJ6A7AAWZI4BBAAA=,Aprobado- Factura  -  FEMD 4052 - Radicado 190518 - GLORIA AMPARO BOLAÑOS - Mocoa K11+600 - K13+600 - NA,ad00690075630792600004052.pdf,dff7453c58153d70f10e40ddcaa286597d50c795a66b464a798eccdfd157bfa3755b569a68accc7ac0403b69fff572f2,FEMD4052,,z00690075630792600004052.zip,ok,28.744,7,7,AIDX,
20260327_132503_dd0e9190,2026-03-27T14:26:20,AAMkADkwZmQ0YTA5LWE0M2MtNDk3Ni1hMzUzLTE0OTQxZDcwZWExMgBGAAAAAADJoyAzIWZBQakanooks8Z-BwBz4_gG-XGLQKeK0wIDJ6A7AAV36zxOAABz4_gG-XGLQKeK0wIDJ6A7AAWZI4BAAAA=,Aprobado- Factura  -  AFSV 746 - Radicado 191201 - CONTRERAS NUVAN WILSON - AMV Caquetá - NA,fv001764077000826000003af.pdf,6346fe5c7c23426997a72288a73c7c81923fb016ea2c1ffc8895d8216851a78cb67b77f3f7d27f98ef8338cce0d486d7,AFSV746,2026-03-18,z001764077000826000003af.zip,ok,27.318,7,7,AIDX,
20260327_132503_dd0e9190,2026-03-27T14:26:52,AAMkADkwZmQ0YTA5LWE0M2MtNDk3Ni1hMzUzLTE0OTQxZDcwZWExMgBGAAAAAADJoyAzIWZBQakanooks8Z-BwBz4_gG-XGLQKeK0wIDJ6A7AAV36zxOAABz4_gG-XGLQKeK0wIDJ6A7AAWZI4A-AAA=,Aprobado- Factura  -  FE - 124563 - Radicado 191200 - FERRETERIA Y DEPOSITOS DE MATERIALES CATATUMBO SAS - Cucutilla - Cornejo - NA,FES-FE124563.pdf,6665e8cd0190a3f3e5b2863e7c447d4bf14dafd9d9eeeb4564ee7a9bf3d958183f5313d6885f882e46661b6ee93c3e95,FE-124563,2026-03-18,fv09014169410002600005707.zip,ok,32.06,0,0,AIDX,
20260327_132503_dd0e9190,2026-03-27T14:27:25,AAMkADkwZmQ0YTA5LWE0M2MtNDk3Ni1hMzUzLTE0OTQxZDcwZWExMgBGAAAAAADJoyAzIWZBQakanooks8Z-BwBz4_gG-XGLQKeK0wIDJ6A7AAV36zxOAABz4_gG-XGLQKeK0wIDJ6A7AAWZI4A_AAA=,Aprobado- Factura  -  FVN - 402601 - Radicado 191188 - VICTORIA BERNAL TRUJILLO - Dirección administrativa y financiera -Compras - NA,ad00517994950002600883197.pdf,c327f5604e2e1b9ac4c6fbcc12ae1411a655b0f0dcb15893be58e5ee43796bcc45e63c017405389d0cae2ca5cfa4a567,FVN-402601,2024-10-18,DE_FVN402601.zip,ok,32.121,7,0,AIDX,
20260327_132503_dd0e9190,2026-03-27T14:28:04,AAMkADkwZmQ0YTA5LWE0M2MtNDk3Ni1hMzUzLTE0OTQxZDcwZWExMgBGAAAAAADJoyAzIWZBQakanooks8Z-BwBz4_gG-XGLQKeK0wIDJ6A7AAV36zxOAABz4_gG-XGLQKeK0wIDJ6A7AAWYUK4iAAA=,Aprobado- Factura  -  FE 1991 - Radicado 191181 - SERVICIOS LOGISTICOS DE INGENIERIA SAS - 328 SC_FDT_DAMASO - NA,fv09007230230082600000044.pdf,e69c95b12de2389651360d10e964f6f36610f008456e9c2bb21533dd7cdd38289abf3c5f900c8dc10d3adb21f6f84315,FE1991,2026-03-16,z09007230230082600000044.zip,ok,39.426,7,7,AIDX,
20260327_132503_dd0e9190,2026-03-27T14:28:40,AAMkADkwZmQ0YTA5LWE0M2MtNDk3Ni1hMzUzLTE0OTQxZDcwZWExMgBGAAAAAADJoyAzIWZBQakanooks8Z-BwBz4_gG-XGLQKeK0wIDJ6A7AAV36zxOAABz4_gG-XGLQKeK0wIDJ6A7AAWYBP5HAAA=,Aprobado- Factura  -  FE604 - Radicado 191177 - INEICA LIMITADA - Red Férrea Atlántico - NA,FE604.pdf,fd2682b8e651e102e81360dd93676b5a53bd9a0bb607e7ac7f46aac41aba212bd1459154edc22555a4aa4f19270ecc50,FE604,2026-03-09,FE604.zip,ok,35.974,7,7,AIDX,
20260327_132503_dd0e9190,2026-03-27T14:29:12,AAMkADkwZmQ0YTA5LWE0M2MtNDk3Ni1hMzUzLTE0OTQxZDcwZWExMgBGAAAAAADJoyAzIWZBQakanooks8Z-BwBz4_gG-XGLQKeK0wIDJ6A7AAV36zxOAABz4_gG-XGLQKeK0wIDJ6A7AAWYBP5GAAA=,Aprobado- Factura  -  FE605 - Radicado 191178 - INEICA LIMITADA - Red Férrea Atlántico - NA,FE605.pdf,8c12276e1e1d8455fa71f45a17ec1fa112d4f9d50b78f99c999f9382930061e1ca4243cf49e94765be53a96c5d4d1ef8,FE605,2026-03-09,FE605.zip,ok,32.425,7,7,AIDX,
20260327_132503_dd0e9190,2026-03-27T14:29:47,AAMkADkwZmQ0YTA5LWE0M2MtNDk3Ni1hMzUzLTE0OTQxZDcwZWExMgBGAAAAAADJoyAzIWZBQakanooks8Z-BwBz4_gG-XGLQKeK0wIDJ6A7AAV36zxOAABz4_gG-XGLQKeK0wIDJ6A7AAWYBP5FAAA=,Aprobado- Factura  -  FE607 - Radicado 191175 - INEICA LIMITADA - Red Férrea Atlántico - NA,FE607.pdf,6211bcc5bd3e5104b3c7dc754146d228f707b762890c8c1a1c4ac92e1ce88b335ce763030cf819c8bbad1105ba67d6a5,FE607,2026-03-09,FE607.zip,ok,34.328,7,7,AIDX,
20260327_132503_dd0e9190,2026-03-27T14:30:22,AAMkADkwZmQ0YTA5LWE0M2MtNDk3Ni1hMzUzLTE0OTQxZDcwZWExMgBGAAAAAADJoyAzIWZBQakanooks8Z-BwBz4_gG-XGLQKeK0wIDJ6A7AAV36zxOAABz4_gG-XGLQKeK0wIDJ6A7AAWYBP5EAAA=,Aprobado- Factura  -  FE606 - Radicado 191176 - INEICA LIMITADA - Red Férrea Atlántico - NA,FE606.pdf,b58c1f1ac50bd0c20a9a6f9177ef8be5c0df739ee8141783f788ec46718e25ee2b0d6bb85e42ae92d2596ac3bb52ae3f,FE606,2026-03-09,FE606.zip,ok,35.033,7,7,AIDX,
20260327_132503_dd0e9190,2026-03-27T14:30:58,AAMkADkwZmQ0YTA5LWE0M2MtNDk3Ni1hMzUzLTE0OTQxZDcwZWExMgBGAAAAAADJoyAzIWZBQakanooks8Z-BwBz4_gG-XGLQKeK0wIDJ6A7AAV36zxOAABz4_gG-XGLQKeK0wIDJ6A7AAWYBP5DAAA=,Aprobado- Factura  -  FE608 - Radicado 191174 - INEICA LIMITADA - Red Férrea Atlántico - NA,FE608.pdf,a144aa408112f34b019965298998eb6d9bebc7976cca460772a7ec693ed10abfab3ef4036594d78963948a3a8551f9db,FE608,2026-03-09,FE608.zip,ok,36.462,7,7,AIDX,
20260327_132503_dd0e9190,2026-03-27T14:31:36,AAMkADkwZmQ0YTA5LWE0M2MtNDk3Ni1hMzUzLTE0OTQxZDcwZWExMgBGAAAAAADJoyAzIWZBQakanooks8Z-BwBz4_gG-XGLQKeK0wIDJ6A7AAV36zxOAABz4_gG-XGLQKeK0wIDJ6A7AAWYBP5CAAA=,Aprobado- Factura  -  EALT 17952 - Radicado 191173 - INVERSIONES BIENES Y SERVICIOS SAS - Red Férrea Atlántico - NA,fv09010093500082600000a1e.pdf,3cb45ce04737fb9ca91645b73b82b11ef0bd4054da172d60bf2a2f0d34b897f6b811a29e85b67432835e2f94c63be5ff,EALT17952,2026-03-16,z09010093500082600000a1e.zip,ok,37.913,7,7,AIDX,
20260327_132503_dd0e9190,2026-03-27T14:32:14,AAMkADkwZmQ0YTA5LWE0M2MtNDk3Ni1hMzUzLTE0OTQxZDcwZWExMgBGAAAAAADJoyAzIWZBQakanooks8Z-BwBz4_gG-XGLQKeK0wIDJ6A7AAV36zxOAABz4_gG-XGLQKeK0wIDJ6A7AAWYBP5BAAA=,Aprobado- Factura  -  COL1106 - Radicado 190787 - SITECH DE COLOMBIA SAS - Dirección administrativa y financiera -Tics - NA,COL1106.pdf,47c1aa9232e43e2ed2184675d3a213144345d0c9b8d0f2a63b74b3c185db521dabae0bbe103879d423f638f3ca068f22,COL1106,2026-03-03,ad09003521850002600000212.zip,ok,37.422,7,7,AIDX,
20260327_132503_dd0e9190,2026-03-27T14:32:52,AAMkADkwZmQ0YTA5LWE0M2MtNDk3Ni1hMzUzLTE0OTQxZDcwZWExMgBGAAAAAADJoyAzIWZBQakanooks8Z-BwBz4_gG-XGLQKeK0wIDJ6A7AAV36zxOAABz4_gG-XGLQKeK0wIDJ6A7AAWYBP5AAAA=,Aprobado- Factura  -  FBE165191 - Radicado 191146 - LABORATORIO CLINICO COLMEDICOS IPS SAS - 328 SC_FDT_DAMASO - NA,FBE165191.pdf,fedeaceeaeddcedc1cbaedeaecc39885015feca20260210dce1010049747eeaccdcdaaa0ecedeedeaecdeadeeeedeaed,FBE165191,2026-02-10,ad08000491040712652382577.zip,ok,38.205,7,7,AIDX,
20260327_132503_dd0e9190,2026-03-27T14:33:31,AAMkADkwZmQ0YTA5LWE0M2MtNDk3Ni1hMzUzLTE0OTQxZDcwZWExMgBGAAAAAADJoyAzIWZBQakanooks8Z-BwBz4_gG-XGLQKeK0wIDJ6A7AAV36zxOAABz4_gG-XGLQKeK0wIDJ6A7AAWYBP4-AAA=,Aprobado- Factura  -  DWH1 158540 - Radicado 190771 - HOSTDIME PREMIER GLOBAL DATA CENTERS - Dirección administrativa y financiera -Tics - NA,FV09000403460112400158540.pdf,f78c07e5ff386aa05b338225a9305390176618202e0d2744f582a4e5f477f92d607b8131ddfcacb4e5917bd958730ed4,DWH1158540,2024-03-26,z09000403460112400158540.zip,ok,39.51,7,7,AIDX,
20260327_132503_dd0e9190,2026-03-27T14:34:21,AAMkADkwZmQ0YTA5LWE0M2MtNDk3Ni1hMzUzLTE0OTQxZDcwZWExMgBGAAAAAADJoyAzIWZBQakanooks8Z-BwBz4_gG-XGLQKeK0wIDJ6A7AAV36zxOAABz4_gG-XGLQKeK0wIDJ6A7AAWYBP4_AAA=,Aprobado- Factura  -  FE 181479 - Radicado 191170 - REMACHES Y TORNILLOS DE LA ROJAS - Dirección administrativa y financiera -Infraestructura - NA,93164802-b5ab-40af-b280-f0bbf1f49b37.pdf,713bab94346d56cfffd24b82eedd1a568dd6196f69b823b1e4e63307b2819f5c4e715eb15f1c0c365074dedd44256c25,FE181479,2026-06-09,93164802-b5ab-40af-b280-f0bbf1f49b37.zip,ok,49.239,7,7,AIDX,
20260327_132503_dd0e9190,2026-03-27T14:35:01,AAMkADkwZmQ0YTA5LWE0M2MtNDk3Ni1hMzUzLTE0OTQxZDcwZWExMgBGAAAAAADJoyAzIWZBQakanooks8Z-BwBz4_gG-XGLQKeK0wIDJ6A7AAV36zxOAABz4_gG-XGLQKeK0wIDJ6A7AAWYBP49AAA=,Aprobado- Factura  -  OSSQQ1B6-0009 - Radicado 191168 - CHATGPT - Dirección administrativa y financiera -Tics - NA,OpenAI_feb.pdf,cecebe1b60009daefedaedefeba252026feba252026eacc14553deeafacccafa94158edaeaeacbaaaaacae266976adba,OSSQQ1,,(PDF_APROBADAS_FALLBACK),ok_pdf_aprobadas_fallback,40.777,7,0,PDF_APROBADAS,
20260327_132503_dd0e9190,2026-03-27T14:35:41,AAMkADkwZmQ0YTA5LWE0M2MtNDk3Ni1hMzUzLTE0OTQxZDcwZWExMgBGAAAAAADJoyAzIWZBQakanooks8Z-BwBz4_gG-XGLQKeK0wIDJ6A7AAV36zxOAABz4_gG-XGLQKeK0wIDJ6A7AAWYBP48AAA=,Aprobado- Factura  -  FE21343 - Radicado 190770 - NIMBUTECH SAS - TM Av. 68 - NA,fv09006729530002600007032.pdf,14a5fa003c0de5a9d073f4e033a571ae6ff3bfe1bedd83f128996a15ab6b32316cb63bfad855cf6ff6e06b5c22c2f79b,FE21343,2025-05-02,fv09006729530002600007032.zip,ok,39.945,7,7,AIDX,
